66653;Nie;Nie
56831;Nie;Nie
51439;Tak;Nie
37127;Nie;Nie
36935;Nie;Tak
31868;Nie;Nie
29207;Nie;Tak
29184;Nie;Nie
25947;Nie;Nie
25290;Nie;Nie
24780;Nie;Nie
24450;Nie;Nie
23592;Nie;Nie
23495;Nie;Nie
23421;Nie;Nie
23189;Nie;Tak
22867;Nie;Tak
22815;Nie;Nie
22755;Nie;Tak
21614;Nie;Nie
21522;Nie;Nie
20772;Nie;Nie
20723;Nie;Tak
20718;Nie;Tak
20011;Nie;Nie
19447;Nie;Tak
19358;Nie;Nie
18777;Nie;Tak
17924;Nie;Tak
17672;Nie;Nie
17361;Nie;Nie
16992;Nie;Tak
16786;Nie;Nie
16397;Nie;Nie
15841;Nie;Tak
15578;Nie;Tak
15341;Nie;Nie
14930;Nie;Nie
14850;Nie;Tak
14522;Nie;Nie
13901;Nie;Tak
13849;Nie;Tak
13774;Nie;Nie
13658;Nie;Tak
13578;Nie;Tak
13578;Nie;Nie
13410;Tak;Nie
13342;Nie;Tak
13338;Nie;Nie
13107;Nie;Tak
12848;Nie;Tak
12531;Nie;Nie
12276;Nie;Nie
12223;Nie;Tak
12180;Nie;Nie
11854;Nie;Tak
11650;Nie;Tak
11528;Nie;Tak
11494;Nie;Nie
11431;Nie;Nie
11265;Nie;Nie
11254;Nie;Nie
11219;Nie;Nie
11016;Nie;Nie
10984;Nie;Nie
10787;Nie;Tak
10786;Nie;Nie
10721;Nie;Tak
10655;Nie;Nie
10635;Nie;Tak
10465;Nie;Nie
10438;Nie;Tak
10378;Nie;Tak
10269;Nie;Tak
10218;Nie;Tak
9994;Nie;Nie
9916;Nie;Tak
9851;Nie;Tak
9713;Nie;Tak
9710;Nie;Nie
9645;Tak;Nie
9569;Nie;Tak
9326;Nie;Tak
9324;Nie;Nie
9324;Nie;Tak
9317;Nie;Nie
9301;Nie;Tak
9224;Nie;Nie
9216;Nie;Nie
9214;Tak;Nie
9192;Nie;Tak
9072;Nie;Nie
9051;Nie;Tak
8982;Nie;Tak
8919;Nie;Nie
8918;Nie;Tak
8876;Nie;Nie
8837;Nie;Tak
8806;Nie;Tak
8785;Nie;Tak
8784;Nie;Tak
8725;Nie;Nie
8590;Nie;Nie
8585;Nie;Nie
8564;Nie;Tak
8514;Nie;Nie
8494;Nie;Nie
8486;Nie;Nie
8422;Nie;Nie
8417;Nie;Tak
8403;Nie;Nie
8379;Nie;Nie
8319;Nie;Nie
8298;Tak;Tak
8278;Nie;Nie
8267;Nie;Nie
8226;Nie;Tak
8121;Tak;Tak
8097;Tak;Nie
8016;Nie;Nie
7984;Nie;Tak
7944;Nie;Nie
7944;Nie;Nie
7934;Nie;Tak
7876;Nie;Tak
7867;Tak;Tak
7863;Nie;Nie
7845;Nie;Tak
7832;Nie;Tak
7831;Nie;Tak
7816;Nie;Tak
7811;Nie;Nie
7752;Nie;Tak
7747;Nie;Nie
7687;Nie;Nie
7668;Nie;Nie
7649;Nie;Nie
7641;Tak;Tak
7628;Nie;Nie
7602;Nie;Nie
7503;Nie;Tak
7426;Nie;Nie
7408;Tak;Nie
7378;Nie;Nie
7369;Nie;Nie
7336;Nie;Nie
7298;Nie;Nie
7296;Nie;Tak
7264;Tak;Nie
7177;Nie;Nie
7162;Nie;Nie
7132;Nie;Nie
7102;Nie;Tak
7100;Nie;Nie
7067;Nie;Nie
7051;Tak;Nie
7010;Nie;Nie
7007;Nie;Nie
6979;Nie;Tak
6971;Nie;Nie
6958;Tak;Tak
6929;Nie;Nie
6904;Nie;Nie
6839;Nie;Tak
6836;Nie;Tak
6835;Nie;Nie
6798;Nie;Tak
6766;Nie;Nie
6739;Nie;Tak
6714;Nie;Tak
6699;Nie;Tak
6691;Nie;Nie
6690;Nie;Nie
6659;Nie;Tak
6641;Nie;Nie
6637;Nie;Tak
6619;Nie;Tak
6596;Nie;Tak
6570;Nie;Nie
6512;Nie;Nie
6507;Nie;Nie
6445;Nie;Tak
6392;Nie;Tak
6388;Nie;Tak
6374;Nie;Tak
6362;Tak;Tak
6337;Nie;Tak
6307;Nie;Tak
6298;Nie;Tak
6269;Nie;Tak
6242;Nie;Tak
6227;Nie;Tak
6215;Nie;Tak
6212;Nie;Tak
6203;Tak;Tak
6200;Nie;Nie
6181;Nie;Nie
6138;Nie;Tak
6134;Nie;Nie
6116;Nie;Tak
6102;Tak;Tak
6014;Nie;Tak
6004;Nie;Tak
5953;Nie;Nie
5914;Nie;Nie
5903;Nie;Tak
5888;Nie;Tak
5879;Nie;Nie
5828;Nie;Tak
5827;Nie;Nie
5809;Nie;Tak
5807;Nie;Tak
5801;Nie;Tak
5784;Nie;Nie
5781;Tak;Tak
5774;Nie;Tak
5769;Nie;Nie
5746;Nie;Tak
5744;Nie;Nie
5737;Nie;Tak
5735;Nie;Nie
5731;Nie;Tak
5704;Nie;Tak
5700;Nie;Tak
5691;Nie;Tak
5678;Nie;Tak
5641;Nie;Nie
5632;Nie;Tak
5571;Nie;Nie
5563;Nie;Tak
5559;Nie;Nie
5547;Nie;Tak
5521;Tak;Tak
5435;Nie;Tak
5432;Tak;Tak
5426;Nie;Tak
5423;Nie;Tak
5381;Nie;Nie
5366;Nie;Tak
5345;Nie;Tak
5345;Nie;Nie
5336;Nie;Nie
5315;Tak;Tak
5312;Nie;Nie
5310;Nie;Nie
5299;Nie;Tak
5296;Nie;Nie
5276;Nie;Nie
5275;Tak;Nie
5271;Nie;Tak
5261;Tak;Nie
5260;Nie;Tak
5252;Nie;Tak
5249;Nie;Tak
5244;Nie;Nie
5231;Tak;Nie
5223;Nie;Nie
5222;Nie;Tak
5215;Nie;Nie
5214;Nie;Tak
5205;Nie;Nie
5193;Nie;Nie
5172;Nie;Tak
5163;Nie;Nie
5154;Nie;Tak
5127;Nie;Nie
5092;Nie;Nie
5091;Nie;Nie
5050;Tak;Nie
5034;Nie;Tak
5024;Nie;Nie
5016;Nie;Nie
5010;Nie;Nie
4996;Nie;Tak
4982;Nie;Nie
4976;Nie;Tak
4969;Nie;Tak
4951;Nie;Nie
4943;Tak;Tak
4930;Tak;Nie
4929;Nie;Tak
4920;Nie;Nie
4912;Nie;Nie
4910;Nie;Tak
4903;Tak;Nie
4874;Nie;Nie
4874;Nie;Nie
4872;Nie;Tak
4844;Nie;Tak
4841;Nie;Nie
4840;Nie;Nie
4830;Nie;Tak
4822;Nie;Tak
4819;Nie;Nie
4798;Nie;Tak
4793;Nie;Tak
4790;Nie;Tak
4769;Nie;Nie
4726;Nie;Tak
4722;Nie;Tak
4721;Nie;Nie
4709;Nie;Nie
4708;Nie;Nie
4707;Nie;Tak
4696;Nie;Nie
4695;Nie;Nie
4692;Nie;Tak
4660;Nie;Nie
4641;Nie;Nie
4629;Nie;Nie
4622;Tak;Tak
4612;Nie;Tak
4594;Nie;Nie
4592;Nie;Tak
4582;Nie;Tak
4577;Nie;Nie
4576;Nie;Nie
4574;Nie;Nie
4568;Nie;Nie
4567;Tak;Tak
4567;Nie;Nie
4565;Nie;Nie
4564;Nie;Nie
4556;Nie;Tak
4545;Nie;Nie
4527;Nie;Tak
4522;Nie;Tak
4519;Nie;Nie
4517;Nie;Tak
4515;Nie;Tak
4513;Nie;Tak
4497;Nie;Tak
4492;Tak;Nie
4482;Nie;Tak
4471;Nie;Tak
4466;Nie;Nie
4464;Nie;Tak
4418;Nie;Tak
4415;Nie;Tak
4388;Nie;Nie
4382;Nie;Tak
4381;Nie;Nie
4380;Nie;Nie
4374;Nie;Tak
4367;Nie;Nie
4366;Nie;Tak
4358;Nie;Nie
4335;Nie;Tak
4331;Nie;Tak
4328;Nie;Nie
4324;Nie;Tak
4321;Nie;Nie
4319;Nie;Nie
4314;Nie;Tak
4305;Nie;Tak
4299;Nie;Tak
4287;Nie;Nie
4279;Nie;Tak
4264;Nie;Tak
4253;Nie;Tak
4222;Nie;Nie
4196;Nie;Nie
4178;Nie;Tak
4176;Nie;Tak
4168;Tak;Tak
4168;Nie;Nie
4157;Nie;Tak
4157;Nie;Nie
4151;Nie;Tak
4150;Nie;Nie
4130;Nie;Nie
4128;Nie;Tak
4121;Tak;Tak
4110;Nie;Nie
4105;Nie;Nie
4095;Nie;Tak
4087;Nie;Tak
4062;Tak;Tak
4054;Nie;Tak
4053;Nie;Tak
4048;Tak;Nie
4040;Nie;Nie
4037;Nie;Nie
4025;Nie;Tak
4023;Nie;Nie
4023;Nie;Tak
4013;Nie;Tak
3992;Nie;Tak
3986;Nie;Tak
3984;Nie;Nie
3975;Nie;Tak
3967;Tak;Nie
3955;Nie;Tak
3954;Nie;Tak
3953;Nie;Tak
3950;Nie;Tak
3935;Tak;Tak
3932;Nie;Tak
3918;Nie;Nie
3914;Tak;Nie
3885;Nie;Tak
3884;Nie;Tak
3876;Nie;Nie
3874;Nie;Nie
3872;Nie;Nie
3870;Nie;Tak
3868;Nie;Tak
3854;Nie;Tak
3851;Nie;Nie
3850;Nie;Tak
3846;Tak;Tak
3840;Tak;Tak
3839;Nie;Nie
3832;Nie;Tak
3818;Nie;Nie
3817;Nie;Tak
3810;Nie;Nie
3794;Nie;Nie
3783;Nie;Tak
3782;Nie;Nie
3776;Nie;Nie
3773;Nie;Tak
3771;Nie;Nie
3770;Nie;Nie
3770;Nie;Tak
3768;Nie;Tak
3756;Nie;Tak
3756;Nie;Nie
3754;Tak;Nie
3748;Nie;Nie
3740;Nie;Tak
3738;Nie;Nie
3723;Nie;Tak
3723;Nie;Tak
3720;Nie;Tak
3717;Nie;Nie
3706;Nie;Nie
3702;Nie;Nie
3696;Nie;Nie
3685;Nie;Nie
3680;Nie;Nie
3676;Tak;Tak
3672;Nie;Tak
3665;Nie;Nie
3644;Nie;Nie
3643;Nie;Nie
3630;Nie;Tak
3629;Nie;Tak
3611;Nie;Tak
3598;Nie;Nie
3579;Nie;Nie
3578;Nie;Nie
3572;Nie;Tak
3571;Nie;Nie
3570;Nie;Nie
3560;Nie;Nie
3558;Nie;Nie
3549;Nie;Tak
3540;Nie;Tak
3536;Nie;Nie
3534;Nie;Nie
3531;Nie;Tak
3518;Nie;Tak
3517;Nie;Tak
3503;Nie;Nie
3499;Nie;Tak
3495;Tak;Nie
3492;Tak;Tak
3478;Nie;Tak
3473;Nie;Tak
3473;Nie;Nie
3463;Nie;Tak
3463;Tak;Tak
3461;Nie;Nie
3455;Nie;Tak
3443;Nie;Nie
3434;Tak;Tak
3431;Nie;Tak
3430;Nie;Tak
3430;Nie;Tak
3428;Tak;Tak
3419;Nie;Tak
3413;Nie;Nie
3410;Nie;Tak
3402;Nie;Nie
3396;Nie;Nie
3390;Nie;Nie
3387;Nie;Nie
3364;Nie;Tak
3343;Nie;Nie
3331;Nie;Tak
3324;Nie;Nie
3323;Tak;Tak
3317;Nie;Nie
3317;Nie;Nie
3309;Nie;Tak
3304;Tak;Nie
3304;Nie;Nie
3297;Nie;Nie
3297;Tak;Tak
3296;Nie;Tak
3283;Nie;Nie
3262;Nie;Nie
3261;Nie;Tak
3247;Nie;Nie
3240;Nie;Nie
3238;Nie;Tak
3237;Nie;Tak
3237;Nie;Nie
3237;Nie;Tak
3230;Nie;Nie
3228;Nie;Nie
3214;Nie;Tak
3201;Nie;Tak
3196;Nie;Nie
3196;Nie;Nie
3185;Nie;Tak
3178;Nie;Nie
3168;Nie;Nie
3166;Nie;Tak
3165;Nie;Tak
3164;Nie;Tak
3163;Nie;Tak
3160;Nie;Nie
3151;Nie;Nie
3150;Nie;Tak
3144;Nie;Nie
3140;Nie;Tak
3140;Tak;Tak
3137;Nie;Tak
3131;Nie;Tak
3120;Nie;Tak
3119;Nie;Tak
3107;Nie;Nie
3105;Nie;Tak
3104;Nie;Tak
3100;Tak;Nie
3100;Nie;Tak
3098;Nie;Tak
3096;Nie;Tak
3096;Nie;Tak
3091;Nie;Tak
3090;Nie;Nie
3079;Nie;Nie
3071;Tak;Tak
3067;Nie;Tak
3060;Nie;Nie
3038;Nie;Tak
3031;Nie;Nie
3028;Nie;Tak
3021;Nie;Nie
3016;Nie;Tak
3014;Nie;Tak
3003;Nie;Nie
2998;Nie;Tak
2996;Nie;Tak
2995;Nie;Tak
2994;Nie;Nie
2993;Nie;Nie
2990;Nie;Nie
2990;Nie;Tak
2983;Nie;Tak
2982;Nie;Nie
2971;Nie;Nie
2955;Nie;Tak
2951;Nie;Nie
2946;Nie;Nie
2945;Nie;Tak
2940;Nie;Tak
2937;Nie;Nie
2933;Nie;Tak
2929;Nie;Nie
2929;Nie;Nie
2925;Nie;Tak
2924;Nie;Nie
2923;Nie;Tak
2920;Nie;Tak
2916;Nie;Nie
2911;Nie;Nie
2910;Nie;Nie
2908;Nie;Nie
2895;Nie;Tak
2894;Nie;Tak
2894;Nie;Tak
2891;Nie;Tak
2887;Nie;Tak
2885;Nie;Tak
2880;Nie;Nie
2880;Nie;Nie
2879;Nie;Tak
2878;Nie;Tak
2876;Nie;Nie
2875;Nie;Nie
2870;Nie;Tak
2857;Nie;Nie
2854;Nie;Tak
2854;Nie;Tak
2850;Nie;Nie
2850;Nie;Tak
2836;Tak;Nie
2834;Nie;Nie
2830;Nie;Nie
2823;Nie;Tak
2819;Nie;Nie
2813;Nie;Tak
2805;Tak;Nie
2800;Nie;Nie
2793;Nie;Tak
2791;Nie;Nie
2781;Nie;Tak
2775;Nie;Nie
2775;Tak;Nie
2770;Nie;Tak
2768;Nie;Tak
2767;Nie;Tak
2766;Tak;Tak
2764;Nie;Tak
2761;Nie;Nie
2756;Nie;Nie
2749;Nie;Tak
2744;Nie;Tak
2743;Nie;Nie
2741;Nie;Nie
2731;Nie;Tak
2731;Nie;Nie
2728;Nie;Nie
2717;Tak;Tak
2715;Nie;Tak
2708;Nie;Nie
2707;Nie;Nie
2707;Nie;Tak
2702;Nie;Tak
2700;Nie;Nie
2697;Nie;Tak
2693;Nie;Nie
2682;Nie;Nie
2682;Nie;Nie
2682;Nie;Tak
2677;Tak;Tak
2677;Nie;Nie
2674;Nie;Tak
2672;Nie;Tak
2671;Nie;Nie
2669;Nie;Tak
2669;Nie;Tak
2662;Nie;Nie
2657;Nie;Tak
2656;Nie;Nie
2655;Nie;Tak
2652;Nie;Nie
2645;Nie;Tak
2644;Nie;Nie
2644;Nie;Tak
2642;Nie;Nie
2628;Nie;Nie
2607;Nie;Tak
2605;Nie;Nie
2605;Nie;Tak
2603;Nie;Tak
2600;Nie;Tak
2597;Nie;Tak
2596;Nie;Nie
2596;Nie;Nie
2596;Nie;Nie
2595;Nie;Tak
2593;Nie;Nie
2591;Nie;Tak
2590;Nie;Tak
2585;Nie;Nie
2583;Nie;Nie
2579;Nie;Nie
2575;Nie;Nie
2572;Nie;Tak
2571;Nie;Nie
2570;Nie;Nie
2567;Nie;Tak
2565;Nie;Tak
2556;Nie;Tak
2556;Nie;Nie
2555;Nie;Tak
2552;Tak;Nie
2551;Nie;Tak
2551;Nie;Tak
2549;Nie;Nie
2547;Nie;Nie
2538;Tak;Nie
2520;Nie;Tak
2503;Nie;Nie
2501;Nie;Tak
2500;Nie;Nie
2499;Nie;Tak
2498;Nie;Nie
2496;Nie;Nie
2490;Nie;Tak
2487;Nie;Nie
2486;Nie;Tak
2485;Nie;Nie
2485;Nie;Tak
2481;Nie;Nie
2475;Nie;Tak
2469;Nie;Nie
2467;Nie;Nie
2460;Nie;Nie
2459;Tak;Tak
2458;Nie;Tak
2457;Nie;Tak
2453;Nie;Tak
2452;Nie;Tak
2443;Nie;Nie
2443;Nie;Nie
2442;Tak;Nie
2440;Tak;Nie
2433;Nie;Nie
2430;Nie;Nie
2424;Nie;Nie
2420;Nie;Tak
2417;Nie;Tak
2413;Nie;Nie
2410;Nie;Nie
2410;Nie;Tak
2406;Tak;Tak
2406;Nie;Nie
2404;Nie;Tak
2403;Nie;Nie
2400;Nie;Nie
2399;Nie;Tak
2396;Nie;Tak
2394;Nie;Nie
2388;Nie;Nie
2388;Nie;Nie
2384;Nie;Tak
2378;Tak;Tak
2369;Nie;Tak
2363;Nie;Tak
2363;Nie;Tak
2362;Nie;Tak
2360;Nie;Tak
2356;Tak;Nie
2348;Nie;Nie
2346;Nie;Nie
2344;Nie;Tak
2344;Nie;Tak
2328;Nie;Nie
2326;Nie;Tak
2323;Tak;Tak
2315;Tak;Tak
2312;Nie;Nie
2308;Nie;Tak
2306;Nie;Nie
2306;Nie;Nie
2305;Nie;Nie
2305;Nie;Nie
2295;Nie;Nie
2291;Tak;Nie
2290;Nie;Nie
2289;Tak;Tak
2283;Nie;Tak
2282;Nie;Nie
2278;Nie;Nie
2278;Nie;Nie
2278;Nie;Tak
2278;Tak;Nie
2278;Nie;Tak
2278;Tak;Tak
2276;Nie;Nie
2263;Nie;Nie
2258;Nie;Tak
2257;Tak;Nie
2251;Nie;Tak
2251;Nie;Nie
2246;Nie;Tak
2242;Nie;Nie
2235;Nie;Tak
2235;Tak;Tak
2234;Nie;Nie
2228;Nie;Nie
2227;Nie;Nie
2226;Nie;Tak
2225;Nie;Tak
2223;Nie;Nie
2220;Nie;Tak
2204;Nie;Nie
2200;Nie;Tak
2199;Nie;Nie
2196;Nie;Nie
2195;Nie;Tak
2193;Tak;Tak
2188;Nie;Nie
2185;Nie;Tak
2183;Nie;Tak
2176;Nie;Tak
2171;Nie;Tak
2170;Nie;Nie
2166;Nie;Nie
2166;Nie;Tak
2163;Nie;Nie
2162;Nie;Nie
2158;Nie;Nie
2157;Nie;Tak
2155;Nie;Nie
2145;Nie;Nie
2144;Nie;Tak
2140;Nie;Nie
2139;Nie;Nie
2139;Nie;Nie
2139;Nie;Tak
2137;Nie;Nie
2137;Nie;Nie
2133;Nie;Nie
2133;Tak;Nie
2129;Nie;Tak
2128;Nie;Tak
2123;Nie;Nie
2123;Nie;Nie
2118;Nie;Tak
2117;Nie;Nie
2116;Nie;Tak
2113;Nie;Nie
2110;Tak;Nie
2109;Nie;Nie
2103;Tak;Nie
2095;Tak;Tak
2094;Nie;Nie
2093;Nie;Nie
2088;Nie;Nie
2087;Nie;Tak
2085;Nie;Tak
2081;Nie;Tak
2080;Nie;Tak
2079;Tak;Tak
2071;Nie;Nie
2071;Tak;Nie
2070;Tak;Tak
2069;Nie;Nie
2067;Nie;Tak
2064;Nie;Tak
2064;Nie;Nie
2061;Tak;Tak
2058;Nie;Tak
2054;Nie;Tak
2050;Nie;Tak
2050;Nie;Nie
2047;Nie;Tak
2047;Nie;Tak
2044;Nie;Nie
2038;Nie;Tak
2036;Nie;Tak
2034;Nie;Tak
2033;Nie;Nie
2032;Nie;Nie
2030;Nie;Nie
2019;Tak;Tak
2008;Nie;Tak
2007;Nie;Tak
2003;Nie;Tak
2000;Nie;Nie
1996;Nie;Tak
1996;Tak;Nie
1993;Nie;Tak
1992;Nie;Nie
1989;Nie;Nie
1972;Nie;Tak
1970;Nie;Nie
1969;Nie;Nie
1966;Nie;Nie
1965;Nie;Tak
1958;Nie;Tak
1957;Tak;Tak
1953;Nie;Tak
1951;Nie;Tak
1949;Nie;Tak
1948;Nie;Nie
1945;Nie;Nie
1945;Nie;Nie
1943;Nie;Tak
1943;Nie;Tak
1942;Nie;Tak
1940;Tak;Tak
1938;Nie;Tak
1938;Nie;Tak
1937;Nie;Tak
1934;Nie;Nie
1934;Nie;Tak
1932;Nie;Tak
1929;Nie;Nie
1928;Tak;Nie
1914;Nie;Nie
1909;Nie;Nie
1906;Nie;Nie
1906;Tak;Nie
1904;Tak;Nie
1903;Nie;Nie
1901;Nie;Nie
1900;Nie;Tak
1898;Nie;Nie
1898;Tak;Tak
1897;Nie;Tak
1895;Nie;Tak
1894;Nie;Tak
1887;Nie;Nie
1887;Nie;Nie
1884;Nie;Tak
1881;Tak;Nie
1880;Nie;Nie
1880;Nie;Tak
1875;Nie;Nie
1873;Nie;Nie
1871;Nie;Tak
1869;Nie;Nie
1866;Tak;Nie
1865;Nie;Tak
1862;Nie;Tak
1861;Nie;Nie
1859;Nie;Tak
1859;Nie;Tak
1857;Tak;Nie
1856;Tak;Tak
1855;Nie;Tak
1851;Nie;Tak
1851;Nie;Nie
1850;Nie;Tak
1847;Nie;Nie
1846;Nie;Nie
1844;Nie;Tak
1841;Nie;Tak
1840;Nie;Nie
1839;Nie;Nie
1838;Tak;Tak
1824;Nie;Tak
1823;Nie;Tak
1821;Nie;Nie
1819;Nie;Tak
1818;Tak;Tak
1815;Nie;Nie
1813;Nie;Tak
1812;Nie;Tak
1808;Nie;Tak
1808;Nie;Tak
1806;Nie;Tak
1800;Nie;Tak
1796;Tak;Tak
1794;Nie;Tak
1790;Nie;Tak
1788;Nie;Nie
1784;Nie;Nie
1783;Tak;Tak
1782;Nie;Tak
1780;Nie;Tak
1780;Tak;Nie
1779;Nie;Tak
1776;Nie;Nie
1770;Nie;Nie
1764;Tak;Nie
1757;Nie;Tak
1755;Nie;Nie
1753;Nie;Tak
1746;Nie;Tak
1746;Nie;Nie
1744;Nie;Nie
1744;Nie;Tak
1743;Nie;Tak
1742;Nie;Tak
1742;Nie;Nie
1741;Tak;Tak
1737;Nie;Nie
1735;Nie;Tak
1735;Tak;Nie
1734;Nie;Tak
1734;Nie;Tak
1734;Nie;Nie
1728;Nie;Nie
1728;Nie;Tak
1728;Nie;Tak
1724;Nie;Nie
1724;Nie;Nie
1723;Nie;Nie
1720;Nie;Nie
1717;Nie;Nie
1717;Nie;Nie
1716;Nie;Tak
1716;Nie;Tak
1708;Nie;Nie
1704;Nie;Tak
1704;Nie;Nie
1697;Nie;Nie
1696;Nie;Nie
1696;Nie;Nie
1694;Nie;Nie
1694;Nie;Nie
1694;Nie;Tak
1690;Nie;Nie
1689;Nie;Tak
1689;Nie;Tak
1686;Nie;Tak
1685;Nie;Tak
1683;Tak;Tak
1682;Tak;Tak
1675;Nie;Nie
1670;Nie;Nie
1667;Tak;Tak
1660;Nie;Tak
1660;Nie;Nie
1659;Nie;Tak
1655;Nie;Tak
1655;Nie;Nie
1654;Tak;Nie
1654;Nie;Nie
1653;Tak;Tak
1653;Nie;Nie
1649;Nie;Tak
1648;Nie;Tak
1639;Nie;Nie
1637;Nie;Tak
1637;Tak;Nie
1636;Nie;Tak
1636;Nie;Nie
1636;Nie;Nie
1631;Nie;Tak
1630;Nie;Tak
1629;Nie;Tak
1626;Nie;Nie
1624;Nie;Nie
1623;Tak;Tak
1617;Nie;Tak
1617;Nie;Tak
1612;Nie;Tak
1611;Tak;Tak
1610;Nie;Nie
1610;Nie;Nie
1609;Tak;Nie
1609;Nie;Tak
1604;Nie;Tak
1602;Nie;Tak
1602;Nie;Tak
1601;Nie;Nie
1600;Nie;Nie
1597;Nie;Tak
1595;Nie;Tak
1595;Nie;Tak
1595;Nie;Nie
1591;Nie;Nie
1590;Nie;Tak
1590;Nie;Nie
1588;Tak;Tak
1587;Tak;Tak
1585;Nie;Nie
1585;Nie;Tak
1583;Nie;Tak
1583;Nie;Tak
1581;Tak;Tak
1580;Nie;Nie
1579;Nie;Nie
1577;Nie;Tak
1575;Nie;Nie
1575;Nie;Nie
1573;Nie;Nie
1573;Nie;Nie
1567;Nie;Nie
1566;Nie;Tak
1563;Nie;Tak
1561;Nie;Nie
1559;Nie;Nie
1558;Nie;Tak
1556;Tak;Nie
1556;Nie;Tak
1549;Nie;Tak
1547;Tak;Tak
1545;Tak;Nie
1544;Nie;Tak
1541;Nie;Nie
1541;Nie;Tak
1541;Nie;Tak
1539;Nie;Nie
1537;Nie;Nie
1533;Tak;Nie
1533;Nie;Nie
1532;Nie;Nie
1529;Nie;Tak
1529;Nie;Nie
1526;Nie;Nie
1525;Nie;Nie
1518;Nie;Tak
1517;Nie;Nie
1516;Tak;Tak
1515;Nie;Tak
1515;Nie;Nie
1514;Nie;Nie
1513;Nie;Nie
1513;Tak;Nie
1513;Nie;Nie
1510;Nie;Tak
1510;Nie;Tak
1504;Nie;Tak
1504;Nie;Tak
1503;Nie;Nie
1503;Nie;Nie
1501;Nie;Tak
1500;Tak;Nie
1498;Nie;Nie
1498;Nie;Tak
1498;Nie;Nie
1496;Nie;Tak
1490;Tak;Nie
1489;Nie;Tak
1489;Nie;Tak
1487;Nie;Nie
1480;Tak;Tak
1477;Nie;Tak
1476;Nie;Nie
1473;Nie;Tak
1471;Tak;Tak
1468;Nie;Tak
1466;Nie;Nie
1466;Nie;Tak
1464;Nie;Nie
1464;Tak;Tak
1463;Nie;Tak
1463;Nie;Nie
1463;Nie;Tak
1462;Nie;Nie
1459;Nie;Nie
1457;Nie;Tak
1453;Nie;Nie
1453;Nie;Nie
1449;Nie;Nie
1440;Nie;Nie
1438;Nie;Nie
1437;Nie;Tak
1436;Nie;Tak
1434;Nie;Nie
1433;Nie;Nie
1432;Nie;Nie
1431;Tak;Nie
1428;Nie;Tak
1426;Nie;Tak
1423;Nie;Tak
1417;Nie;Tak
1412;Nie;Nie
1412;Nie;Tak
1412;Nie;Nie
1411;Nie;Tak
1411;Nie;Nie
1410;Nie;Tak
1409;Nie;Tak
1406;Nie;Tak
1405;Nie;Nie
1402;Nie;Nie
1401;Nie;Nie
1401;Nie;Tak
1401;Nie;Nie
1401;Nie;Tak
1400;Nie;Nie
1398;Tak;Tak
1397;Nie;Nie
1396;Nie;Tak
1396;Nie;Tak
1395;Nie;Tak
1395;Tak;Tak
1394;Nie;Tak
1393;Tak;Tak
1390;Nie;Tak
1390;Nie;Nie
1388;Nie;Nie
1388;Nie;Tak
1388;Nie;Tak
1387;Nie;Nie
1387;Nie;Tak
1386;Nie;Tak
1385;Nie;Nie
1384;Nie;Tak
1381;Nie;Nie
1379;Nie;Tak
1377;Nie;Tak
1376;Tak;Nie
1374;Nie;Tak
1373;Nie;Tak
1371;Nie;Nie
1368;Nie;Tak
1367;Nie;Nie
1365;Nie;Tak
1365;Nie;Nie
1363;Nie;Nie
1358;Nie;Tak
1357;Nie;Tak
1355;Nie;Nie
1354;Nie;Tak
1352;Nie;Nie
1351;Nie;Tak
1350;Tak;Tak
1349;Nie;Tak
1349;Nie;Tak
1348;Tak;Nie
1345;Nie;Tak
1345;Nie;Tak
1343;Tak;Tak
1342;Nie;Tak
1342;Nie;Tak
1340;Tak;Nie
1337;Nie;Nie
1337;Tak;Tak
1335;Nie;Tak
1333;Nie;Nie
1330;Nie;Tak
1329;Tak;Tak
1328;Nie;Nie
1327;Tak;Tak
1327;Nie;Nie
1327;Nie;Nie
1327;Nie;Nie
1324;Nie;Tak
1321;Nie;Nie
1320;Tak;Tak
1319;Nie;Nie
1319;Nie;Tak
1319;Nie;Tak
1316;Nie;Nie
1315;Nie;Nie
1314;Nie;Tak
1313;Nie;Nie
1313;Nie;Nie
1311;Nie;Tak
1310;Nie;Nie
1310;Nie;Nie
1310;Nie;Nie
1310;Tak;Tak
1310;Tak;Nie
1310;Nie;Tak
1309;Nie;Tak
1309;Nie;Tak
1308;Tak;Nie
1308;Nie;Nie
1307;Nie;Tak
1305;Nie;Nie
1304;Nie;Nie
1303;Tak;Tak
1303;Nie;Nie
1301;Nie;Tak
1301;Nie;Nie
1300;Nie;Nie
1299;Tak;Tak
1299;Nie;Nie
1298;Nie;Tak
1297;Nie;Tak
1296;Nie;Tak
1296;Nie;Nie
1294;Nie;Tak
1293;Nie;Tak
1289;Nie;Nie
1287;Nie;Nie
1286;Nie;Nie
1283;Nie;Tak
1281;Nie;Nie
1281;Nie;Nie
1279;Nie;Tak
1277;Nie;Nie
1272;Nie;Tak
1271;Nie;Nie
1271;Nie;Tak
1270;Nie;Nie
1270;Nie;Tak
1267;Nie;Tak
1267;Nie;Tak
1265;Nie;Tak
1265;Nie;Nie
1264;Nie;Nie
1261;Nie;Tak
1261;Nie;Nie
1258;Nie;Nie
1257;Nie;Tak
1257;Nie;Tak
1256;Nie;Tak
1254;Nie;Nie
1252;Tak;Tak
1248;Tak;Tak
1246;Nie;Nie
1241;Nie;Tak
1239;Nie;Tak
1239;Nie;Nie
1238;Nie;Tak
1238;Nie;Tak
1236;Nie;Nie
1235;Tak;Tak
1235;Nie;Tak
1234;Nie;Nie
1234;Nie;Nie
1230;Nie;Tak
1222;Nie;Tak
1222;Nie;Tak
1222;Nie;Tak
1221;Tak;Nie
1221;Nie;Nie
1221;Tak;Tak
1221;Nie;Tak
1220;Nie;Nie
1219;Nie;Tak
1218;Nie;Tak
1218;Nie;Nie
1217;Nie;Tak
1216;Nie;Nie
1214;Nie;Nie
1212;Nie;Tak
1207;Nie;Tak
1206;Tak;Nie
1203;Nie;Nie
1202;Nie;Tak
1202;Nie;Tak
1202;Nie;Nie
1199;Nie;Nie
1199;Tak;Nie
1195;Nie;Tak
1195;Nie;Tak
1195;Nie;Nie
1193;Nie;Tak
1191;Nie;Nie
1190;Nie;Nie
1189;Nie;Nie
1187;Tak;Tak
1187;Tak;Nie
1187;Nie;Tak
1187;Nie;Tak
1182;Nie;Tak
1182;Nie;Tak
1179;Nie;Nie
1178;Nie;Nie
1177;Nie;Nie
1177;Tak;Tak
1173;Tak;Nie
1172;Nie;Tak
1170;Nie;Nie
1170;Tak;Tak
1170;Nie;Nie
1170;Nie;Tak
1168;Nie;Nie
1168;Nie;Nie
1167;Tak;Tak
1166;Nie;Tak
1165;Nie;Tak
1165;Nie;Tak
1164;Tak;Tak
1163;Nie;Tak
1161;Nie;Tak
1161;Tak;Nie
1160;Tak;Nie
1158;Nie;Nie
1156;Nie;Tak
1153;Tak;Tak
1151;Nie;Tak
1151;Nie;Tak
1150;Nie;Tak
1148;Nie;Nie
1148;Nie;Nie
1147;Tak;Tak
1146;Nie;Tak
1146;Nie;Tak
1144;Nie;Nie
1144;Tak;Nie
1143;Tak;Tak
1141;Nie;Tak
1139;Nie;Tak
1139;Nie;Tak
1138;Nie;Nie
1138;Tak;Tak
1137;Nie;Tak
1134;Nie;Tak
1134;Nie;Nie
1134;Nie;Nie
1134;Nie;Nie
1133;Nie;Tak
1131;Tak;Nie
1130;Nie;Tak
1129;Nie;Tak
1129;Tak;Nie
1128;Nie;Tak
1128;Nie;Tak
1128;Nie;Nie
1127;Nie;Tak
1125;Nie;Tak
1125;Tak;Tak
1125;Tak;Nie
1121;Nie;Nie
1120;Nie;Tak
1119;Nie;Nie
1117;Nie;Tak
1114;Nie;Nie
1114;Nie;Nie
1113;Tak;Nie
1111;Nie;Nie
1109;Nie;Nie
1107;Nie;Tak
1106;Nie;Tak
1106;Tak;Nie
1104;Nie;Nie
1104;Nie;Tak
1104;Nie;Tak
1102;Nie;Tak
1101;Nie;Tak
1098;Nie;Tak
1097;Nie;Tak
1096;Tak;Nie
1093;Tak;Tak
1093;Tak;Nie
1093;Nie;Nie
1091;Nie;Nie
1089;Nie;Tak
1086;Nie;Tak
1085;Nie;Nie
1084;Nie;Tak
1082;Tak;Tak
1080;Nie;Tak
1079;Nie;Nie
1078;Nie;Nie
1077;Tak;Tak
1076;Nie;Tak
1076;Nie;Tak
1074;Nie;Tak
1074;Nie;Tak
1074;Nie;Tak
1070;Nie;Nie
1068;Nie;Nie
1067;Tak;Nie
1066;Nie;Tak
1064;Nie;Nie
1064;Nie;Nie
1064;Nie;Tak
1063;Tak;Tak
1062;Nie;Nie
1060;Nie;Tak
1057;Nie;Nie
1054;Tak;Tak
1049;Nie;Nie
1049;Nie;Nie
1049;Nie;Nie
1048;Nie;Tak
1048;Tak;Tak
1047;Nie;Nie
1047;Nie;Nie
1044;Nie;Tak
1043;Tak;Tak
1042;Nie;Nie
1042;Nie;Tak
1042;Nie;Tak
1040;Nie;Nie
1040;Nie;Nie
1039;Nie;Nie
1038;Nie;Nie
1036;Tak;Tak
1035;Tak;Tak
1034;Nie;Tak
1033;Nie;Tak
1032;Nie;Tak
1032;Nie;Tak
1032;Nie;Nie
1031;Nie;Nie
1028;Tak;Tak
1027;Nie;Nie
1027;Nie;Tak
1025;Nie;Tak
1025;Nie;Tak
1023;Nie;Tak
1022;Nie;Tak
1022;Nie;Tak
1021;Nie;Nie
1020;Nie;Tak
1020;Nie;Tak
1019;Nie;Tak
1018;Nie;Nie
1018;Nie;Nie
1017;Nie;Tak
1016;Nie;Tak
1013;Nie;Nie
1013;Tak;Nie
1012;Tak;Tak
1011;Nie;Tak
1011;Nie;Tak
1008;Nie;Tak
1007;Nie;Tak
1005;Nie;Tak
1002;Nie;Tak
1002;Nie;Nie
1001;Tak;Nie
1000;Nie;Nie
999;Nie;Nie
999;Nie;Tak
999;Nie;Nie
997;Tak;Nie
996;Nie;Nie
995;Nie;Nie
995;Nie;Nie
994;Tak;Tak
994;Nie;Tak
993;Nie;Tak
992;Nie;Nie
992;Nie;Nie
991;Nie;Tak
990;Nie;Tak
989;Nie;Nie
984;Nie;Tak
983;Nie;Nie
982;Nie;Nie
982;Tak;Tak
981;Nie;Tak
980;Nie;Nie
978;Nie;Nie
976;Nie;Tak
975;Nie;Tak
975;Nie;Tak
975;Tak;Tak
974;Nie;Nie
974;Nie;Tak
974;Nie;Tak
973;Tak;Tak
973;Nie;Nie
972;Nie;Tak
970;Nie;Tak
969;Nie;Nie
968;Nie;Tak
968;Tak;Nie
967;Nie;Tak
967;Nie;Nie
967;Nie;Nie
967;Nie;Nie
966;Tak;Tak
964;Nie;Tak
964;Nie;Nie
963;Nie;Nie
961;Nie;Tak
961;Nie;Tak
958;Nie;Nie
953;Nie;Tak
953;Nie;Tak
951;Nie;Tak
950;Nie;Tak
950;Nie;Tak
949;Nie;Nie
948;Nie;Tak
947;Nie;Nie
947;Nie;Tak
947;Nie;Nie
945;Nie;Tak
945;Nie;Nie
945;Nie;Nie
944;Tak;Nie
944;Nie;Nie
943;Nie;Tak
943;Nie;Tak
941;Nie;Tak
941;Nie;Tak
941;Nie;Tak
940;Nie;Nie
935;Nie;Nie
934;Nie;Tak
934;Nie;Tak
934;Nie;Tak
933;Tak;Nie
932;Nie;Tak
931;Nie;Tak
930;Tak;Nie
930;Nie;Tak
930;Nie;Tak
930;Nie;Tak
928;Nie;Tak
928;Nie;Nie
927;Nie;Nie
927;Nie;Nie
925;Nie;Nie
925;Nie;Nie
925;Nie;Tak
924;Nie;Nie
924;Nie;Tak
923;Nie;Tak
923;Nie;Nie
922;Nie;Tak
922;Nie;Tak
922;Nie;Tak
922;Tak;Nie
922;Nie;Nie
919;Nie;Tak
918;Nie;Tak
917;Nie;Tak
917;Nie;Tak
916;Nie;Tak
914;Nie;Nie
913;Nie;Tak
913;Nie;Tak
911;Tak;Tak
911;Nie;Nie
910;Nie;Tak
910;Nie;Tak
909;Tak;Tak
908;Tak;Tak
907;Tak;Nie
907;Tak;Nie
907;Nie;Nie
906;Tak;Tak
905;Tak;Nie
905;Nie;Nie
904;Tak;Tak
903;Nie;Nie
902;Nie;Tak
901;Nie;Tak
901;Nie;Tak
900;Nie;Tak
900;Nie;Tak
898;Nie;Nie
898;Nie;Tak
897;Nie;Nie
895;Nie;Tak
895;Nie;Tak
894;Nie;Tak
894;Nie;Tak
893;Nie;Nie
893;Nie;Tak
892;Nie;Tak
892;Tak;Tak
890;Nie;Nie
888;Tak;Nie
887;Nie;Nie
883;Nie;Tak
883;Nie;Nie
882;Tak;Tak
882;Nie;Nie
882;Tak;Nie
881;Nie;Tak
881;Nie;Nie
881;Tak;Tak
880;Tak;Tak
880;Nie;Tak
880;Tak;Tak
879;Nie;Tak
879;Nie;Tak
879;Nie;Tak
878;Nie;Nie
877;Nie;Tak
877;Nie;Tak
876;Nie;Tak
873;Nie;Nie
871;Nie;Tak
871;Nie;Nie
871;Tak;Tak
870;Tak;Nie
869;Nie;Nie
867;Nie;Tak
867;Nie;Tak
866;Nie;Nie
866;Nie;Tak
865;Nie;Tak
865;Nie;Nie
865;Tak;Nie
863;Nie;Tak
863;Tak;Tak
862;Nie;Nie
862;Nie;Nie
861;Nie;Nie
860;Nie;Tak
859;Nie;Nie
859;Tak;Tak
857;Nie;Nie
855;Nie;Tak
855;Nie;Tak
855;Nie;Nie
855;Nie;Tak
854;Tak;Tak
854;Nie;Nie
851;Nie;Nie
850;Tak;Nie
849;Tak;Tak
847;Nie;Nie
846;Nie;Tak
844;Nie;Tak
842;Nie;Tak
842;Nie;Nie
841;Nie;Tak
841;Nie;Nie
840;Nie;Tak
839;Nie;Tak
838;Nie;Tak
837;Nie;Nie
834;Tak;Tak
834;Nie;Tak
833;Nie;Nie
832;Nie;Nie
829;Tak;Tak
827;Tak;Nie
827;Nie;Nie
826;Nie;Nie
826;Nie;Tak
824;Nie;Tak
823;Nie;Tak
820;Nie;Tak
819;Nie;Tak
818;Nie;Nie
818;Tak;Tak
817;Tak;Tak
816;Nie;Nie
816;Nie;Tak
816;Nie;Nie
816;Nie;Nie
814;Tak;Nie
814;Nie;Tak
813;Tak;Nie
812;Nie;Tak
811;Tak;Tak
810;Nie;Tak
808;Tak;Tak
808;Nie;Tak
808;Nie;Tak
808;Nie;Nie
807;Nie;Tak
805;Nie;Tak
805;Nie;Tak
805;Nie;Nie
804;Nie;Tak
804;Tak;Tak
804;Nie;Tak
803;Nie;Tak
803;Nie;Nie
802;Nie;Nie
802;Nie;Tak
800;Nie;Nie
800;Nie;Tak
800;Nie;Tak
799;Nie;Nie
797;Nie;Tak
797;Nie;Nie
797;Nie;Tak
797;Nie;Tak
796;Nie;Tak
795;Nie;Tak
795;Nie;Nie
794;Nie;Tak
794;Nie;Nie
793;Nie;Tak
792;Nie;Nie
791;Nie;Tak
790;Nie;Tak
789;Tak;Nie
789;Nie;Tak
788;Nie;Nie
788;Nie;Tak
788;Nie;Nie
787;Nie;Tak
787;Nie;Nie
787;Nie;Tak
786;Tak;Nie
786;Nie;Tak
786;Tak;Tak
785;Nie;Nie
784;Tak;Nie
784;Nie;Nie
783;Tak;Nie
782;Tak;Nie
781;Nie;Nie
781;Nie;Nie
780;Nie;Nie
779;Tak;Tak
779;Nie;Nie
778;Nie;Nie
778;Nie;Tak
777;Nie;Nie
777;Tak;Nie
776;Nie;Tak
775;Nie;Nie
773;Tak;Tak
773;Tak;Tak
771;Tak;Tak
771;Tak;Tak
769;Nie;Tak
767;Nie;Tak
767;Nie;Tak
767;Nie;Nie
766;Nie;Tak
765;Nie;Nie
762;Nie;Nie
761;Nie;Tak
760;Nie;Nie
760;Nie;Nie
759;Nie;Tak
759;Nie;Nie
758;Nie;Nie
758;Nie;Tak
757;Nie;Nie
756;Nie;Tak
756;Nie;Tak
753;Nie;Nie
751;Nie;Tak
750;Nie;Tak
748;Tak;Tak
746;Nie;Nie
746;Nie;Nie
746;Nie;Tak
745;Tak;Tak
744;Nie;Nie
744;Tak;Tak
744;Nie;Nie
744;Nie;Tak
743;Nie;Nie
742;Nie;Tak
741;Nie;Nie
741;Nie;Tak
740;Nie;Tak
738;Tak;Tak
738;Nie;Nie
737;Nie;Tak
737;Tak;Tak
737;Nie;Tak
736;Nie;Tak
736;Nie;Nie
735;Nie;Tak
734;Tak;Tak
733;Nie;Nie
732;Nie;Tak
730;Nie;Tak
729;Nie;Tak
728;Nie;Tak
728;Nie;Tak
727;Nie;Tak
727;Nie;Tak
726;Tak;Tak
726;Nie;Tak
723;Nie;Nie
723;Nie;Tak
722;Nie;Tak
720;Nie;Nie
720;Nie;Tak
719;Nie;Tak
719;Nie;Tak
717;Nie;Nie
717;Nie;Nie
715;Nie;Nie
715;Nie;Tak
714;Nie;Tak
714;Nie;Tak
714;Nie;Tak
713;Nie;Tak
713;Nie;Nie
712;Nie;Tak
710;Nie;Tak
709;Nie;Tak
709;Nie;Tak
708;Nie;Tak
708;Nie;Tak
705;Nie;Nie
704;Tak;Tak
703;Nie;Nie
703;Nie;Nie
703;Nie;Nie
701;Tak;Nie
700;Nie;Nie
700;Nie;Tak
700;Nie;Tak
699;Nie;Tak
699;Nie;Nie
698;Nie;Tak
698;Nie;Nie
696;Nie;Tak
695;Nie;Nie
694;Nie;Tak
694;Nie;Tak
694;Nie;Tak
693;Nie;Tak
693;Nie;Nie
692;Nie;Nie
692;Nie;Tak
690;Nie;Tak
688;Nie;Nie
688;Nie;Nie
687;Nie;Tak
687;Nie;Nie
687;Tak;Tak
687;Nie;Nie
686;Nie;Tak
686;Nie;Tak
683;Nie;Nie
683;Tak;Nie
683;Nie;Nie
682;Nie;Nie
682;Nie;Nie
681;Nie;Tak
681;Nie;Tak
680;Nie;Tak
680;Nie;Tak
679;Tak;Tak
678;Nie;Nie
677;Nie;Tak
677;Nie;Nie
676;Nie;Nie
674;Nie;Tak
674;Nie;Tak
673;Tak;Tak
673;Nie;Tak
673;Nie;Tak
672;Nie;Nie
671;Nie;Tak
670;Nie;Tak
668;Nie;Nie
668;Nie;Nie
667;Nie;Nie
666;Nie;Nie
665;Nie;Tak
665;Nie;Nie
665;Nie;Tak
664;Nie;Tak
664;Nie;Nie
664;Tak;Tak
663;Tak;Nie
661;Nie;Nie
660;Nie;Tak
660;Nie;Nie
659;Nie;Tak
659;Nie;Nie
659;Nie;Nie
658;Nie;Tak
658;Nie;Tak
658;Nie;Nie
658;Tak;Nie
657;Nie;Nie
657;Nie;Tak
657;Tak;Nie
656;Nie;Tak
656;Tak;Nie
655;Tak;Nie
655;Nie;Tak
655;Nie;Nie
654;Nie;Nie
653;Nie;Tak
653;Nie;Nie
652;Tak;Tak
648;Nie;Nie
648;Nie;Nie
647;Nie;Tak
644;Nie;Tak
644;Nie;Nie
643;Nie;Tak
643;Nie;Tak
641;Tak;Tak
641;Nie;Tak
641;Nie;Tak
640;Nie;Tak
640;Nie;Nie
640;Nie;Tak
639;Nie;Nie
637;Nie;Tak
637;Nie;Tak
636;Tak;Nie
636;Nie;Tak
634;Nie;Nie
634;Nie;Tak
634;Nie;Nie
633;Nie;Tak
633;Nie;Nie
631;Nie;Tak
631;Nie;Nie
631;Nie;Nie
631;Nie;Tak
630;Nie;Nie
630;Nie;Tak
630;Nie;Tak
629;Nie;Tak
629;Nie;Nie
629;Nie;Tak
628;Nie;Nie
628;Nie;Tak
628;Nie;Nie
627;Nie;Tak
626;Nie;Tak
625;Nie;Nie
625;Nie;Tak
625;Nie;Nie
624;Nie;Tak
624;Nie;Tak
623;Nie;Tak
623;Nie;Nie
623;Nie;Tak
622;Nie;Tak
622;Nie;Nie
621;Nie;Nie
621;Nie;Nie
620;Nie;Tak
618;Tak;Tak
616;Nie;Tak
616;Nie;Nie
616;Nie;Tak
615;Nie;Tak
615;Tak;Nie
614;Nie;Tak
613;Nie;Tak
613;Nie;Nie
612;Nie;Nie
610;Nie;Tak
610;Nie;Nie
608;Nie;Nie
608;Nie;Nie
608;Tak;Tak
608;Nie;Tak
607;Nie;Nie
606;Nie;Nie
606;Nie;Tak
606;Nie;Tak
606;Nie;Tak
606;Tak;Nie
605;Nie;Tak
605;Nie;Tak
605;Nie;Tak
604;Nie;Nie
604;Nie;Tak
603;Tak;Nie
603;Nie;Nie
602;Nie;Tak
602;Nie;Nie
602;Nie;Tak
601;Nie;Nie
601;Nie;Tak
600;Nie;Nie
600;Nie;Tak
599;Nie;Nie
599;Nie;Tak
599;Nie;Nie
599;Nie;Tak
598;Nie;Tak
598;Nie;Tak
598;Nie;Tak
598;Nie;Nie
598;Nie;Nie
597;Nie;Nie
597;Tak;Nie
596;Nie;Nie
596;Nie;Nie
596;Nie;Tak
596;Nie;Nie
595;Nie;Nie
595;Nie;Tak
594;Nie;Tak
594;Nie;Nie
593;Nie;Tak
593;Nie;Tak
593;Nie;Tak
593;Nie;Tak
592;Nie;Tak
592;Nie;Nie
592;Tak;Nie
592;Tak;Tak
592;Tak;Tak
591;Nie;Tak
590;Nie;Nie
590;Nie;Tak
590;Nie;Nie
589;Tak;Tak
588;Nie;Nie
588;Nie;Tak
588;Nie;Nie
588;Nie;Tak
586;Tak;Nie
586;Nie;Tak
586;Tak;Tak
586;Nie;Tak
585;Tak;Nie
585;Nie;Tak
584;Nie;Tak
582;Nie;Nie
582;Nie;Tak
581;Nie;Tak
581;Nie;Tak
580;Nie;Nie
580;Nie;Tak
579;Nie;Tak
578;Tak;Nie
578;Nie;Nie
578;Nie;Nie
578;Nie;Tak
578;Nie;Tak
577;Nie;Nie
577;Nie;Nie
576;Tak;Tak
575;Nie;Nie
574;Nie;Tak
574;Nie;Tak
574;Nie;Tak
574;Nie;Nie
573;Tak;Tak
573;Tak;Tak
573;Nie;Tak
573;Nie;Tak
573;Nie;Tak
571;Tak;Tak
570;Nie;Nie
570;Nie;Tak
570;Nie;Nie
569;Tak;Nie
568;Nie;Tak
568;Nie;Tak
568;Nie;Tak
567;Nie;Nie
566;Tak;Nie
565;Nie;Tak
565;Tak;Tak
565;Nie;Nie
565;Nie;Nie
564;Tak;Nie
563;Nie;Nie
563;Tak;Tak
563;Nie;Tak
562;Nie;Nie
561;Nie;Tak
561;Nie;Nie
561;Nie;Tak
561;Nie;Nie
560;Nie;Tak
559;Nie;Nie
559;Nie;Tak
559;Nie;Nie
559;Nie;Nie
559;Nie;Nie
558;Nie;Tak
558;Nie;Tak
558;Nie;Nie
558;Nie;Tak
557;Nie;Tak
557;Tak;Tak
557;Nie;Tak
557;Nie;Nie
557;Nie;Tak
557;Tak;Tak
556;Nie;Tak
556;Nie;Tak
556;Nie;Tak
555;Nie;Tak
555;Nie;Nie
554;Nie;Tak
553;Nie;Nie
553;Nie;Nie
552;Nie;Nie
552;Nie;Tak
551;Nie;Nie
550;Nie;Tak
550;Nie;Tak
550;Nie;Tak
549;Nie;Nie
549;Nie;Tak
549;Nie;Nie
548;Nie;Tak
547;Nie;Tak
546;Nie;Nie
546;Nie;Nie
545;Nie;Tak
544;Nie;Nie
544;Tak;Nie
544;Nie;Tak
544;Nie;Tak
543;Nie;Tak
543;Nie;Tak
542;Nie;Tak
542;Nie;Tak
542;Nie;Nie
542;Tak;Tak
541;Nie;Tak
541;Tak;Tak
539;Nie;Nie
538;Nie;Tak
538;Nie;Tak
537;Nie;Nie
537;Tak;Nie
536;Nie;Tak
535;Nie;Nie
534;Nie;Tak
534;Nie;Nie
534;Nie;Tak
533;Nie;Nie
533;Nie;Nie
532;Nie;Nie
532;Nie;Tak
531;Tak;Tak
530;Nie;Tak
530;Nie;Tak
530;Tak;Nie
528;Nie;Nie
527;Nie;Tak
526;Tak;Nie
526;Nie;Nie
526;Nie;Tak
525;Nie;Nie
525;Nie;Nie
524;Nie;Tak
524;Nie;Tak
523;Tak;Tak
523;Tak;Tak
522;Tak;Tak
522;Nie;Nie
522;Tak;Nie
522;Tak;Nie
522;Nie;Nie
521;Nie;Tak
521;Nie;Tak
520;Nie;Tak
520;Tak;Nie
519;Nie;Tak
519;Nie;Tak
518;Nie;Nie
518;Nie;Tak
517;Tak;Tak
517;Nie;Tak
517;Nie;Nie
517;Nie;Nie
516;Nie;Tak
515;Nie;Tak
515;Tak;Tak
514;Tak;Tak
514;Nie;Tak
514;Nie;Nie
513;Nie;Tak
512;Nie;Nie
512;Nie;Tak
512;Nie;Nie
511;Tak;Nie
511;Nie;Tak
510;Nie;Tak
510;Nie;Tak
509;Nie;Tak
508;Tak;Tak
508;Nie;Tak
507;Nie;Nie
506;Nie;Nie
505;Nie;Tak
505;Nie;Nie
505;Nie;Tak
504;Nie;Tak
503;Nie;Nie
503;Nie;Tak
503;Tak;Tak
503;Nie;Tak
502;Nie;Tak
501;Tak;Nie
501;Tak;Tak
501;Nie;Tak
500;Nie;Tak
500;Nie;Tak
500;Nie;Nie
499;Nie;Nie
499;Nie;Tak
499;Tak;Tak
497;Nie;Nie
497;Nie;Tak
496;Tak;Nie
495;Nie;Tak
494;Nie;Nie
494;Nie;Nie
494;Nie;Tak
494;Nie;Tak
493;Nie;Tak
493;Nie;Tak
492;Tak;Tak
492;Tak;Nie
491;Nie;Nie
490;Nie;Nie
490;Nie;Tak
490;Nie;Nie
488;Nie;Tak
488;Nie;Tak
488;Nie;Nie
488;Nie;Nie
487;Nie;Tak
487;Tak;Nie
486;Nie;Nie
486;Nie;Nie
486;Nie;Nie
486;Tak;Tak
484;Nie;Tak
484;Nie;Nie
484;Nie;Tak
483;Nie;Tak
483;Tak;Tak
483;Nie;Nie
482;Nie;Nie
482;Tak;Tak
482;Tak;Tak
481;Nie;Tak
480;Nie;Tak
479;Nie;Nie
479;Nie;Nie
479;Tak;Tak
479;Nie;Tak
478;Tak;Nie
477;Nie;Tak
477;Nie;Nie
476;Nie;Nie
476;Nie;Tak
476;Nie;Nie
476;Nie;Tak
475;Nie;Tak
475;Nie;Tak
473;Nie;Tak
473;Nie;Tak
472;Nie;Tak
471;Nie;Nie
471;Nie;Tak
469;Nie;Nie
468;Nie;Tak
468;Nie;Nie
468;Nie;Nie
467;Tak;Tak
467;Nie;Tak
467;Nie;Nie
466;Nie;Nie
466;Nie;Tak
465;Nie;Tak
465;Nie;Tak
465;Nie;Tak
464;Nie;Nie
463;Nie;Tak
463;Nie;Tak
463;Nie;Nie
462;Nie;Nie
461;Nie;Tak
461;Nie;Tak
461;Nie;Nie
460;Nie;Nie
459;Nie;Nie
459;Nie;Nie
459;Nie;Tak
458;Nie;Nie
458;Nie;Tak
458;Tak;Nie
457;Nie;Tak
457;Tak;Tak
457;Nie;Tak
457;Nie;Nie
456;Tak;Tak
456;Tak;Tak
455;Tak;Tak
455;Nie;Tak
455;Nie;Tak
454;Tak;Nie
454;Nie;Nie
454;Tak;Nie
454;Nie;Tak
453;Tak;Nie
453;Nie;Tak
452;Nie;Tak
452;Nie;Nie
451;Nie;Tak
450;Nie;Tak
450;Nie;Nie
450;Tak;Nie
449;Tak;Tak
449;Nie;Tak
449;Nie;Tak
448;Nie;Tak
447;Nie;Tak
446;Nie;Tak
446;Nie;Tak
446;Nie;Nie
446;Nie;Nie
446;Nie;Nie
445;Nie;Nie
445;Nie;Nie
445;Nie;Tak
444;Nie;Tak
444;Nie;Tak
444;Nie;Nie
444;Nie;Tak
443;Nie;Nie
443;Nie;Nie
442;Nie;Nie
442;Nie;Nie
442;Nie;Tak
442;Tak;Tak
441;Nie;Tak
441;Nie;Nie
441;Nie;Tak
440;Nie;Nie
439;Nie;Tak
438;Tak;Tak
437;Nie;Nie
437;Nie;Tak
437;Tak;Tak
435;Nie;Tak
435;Nie;Tak
435;Nie;Tak
434;Nie;Nie
434;Nie;Nie
434;Nie;Tak
433;Nie;Nie
433;Nie;Nie
432;Nie;Nie
432;Tak;Tak
431;Nie;Tak
431;Nie;Tak
431;Nie;Nie
431;Nie;Nie
430;Nie;Nie
430;Nie;Tak
430;Nie;Tak
429;Nie;Tak
428;Nie;Nie
428;Tak;Nie
428;Nie;Tak
427;Nie;Nie
427;Nie;Tak
427;Nie;Nie
426;Nie;Tak
426;Nie;Tak
425;Nie;Tak
424;Tak;Nie
423;Nie;Tak
423;Nie;Tak
421;Nie;Tak
421;Tak;Nie
420;Nie;Tak
419;Nie;Nie
419;Tak;Tak
419;Nie;Nie
418;Tak;Tak
418;Nie;Tak
418;Tak;Tak
418;Nie;Tak
418;Nie;Tak
417;Nie;Nie
417;Nie;Tak
417;Nie;Tak
416;Nie;Nie
416;Nie;Nie
416;Nie;Nie
415;Nie;Nie
415;Tak;Nie
414;Nie;Nie
414;Nie;Nie
414;Nie;Tak
414;Nie;Nie
414;Nie;Tak
413;Nie;Tak
413;Nie;Tak
413;Tak;Nie
412;Nie;Nie
411;Nie;Nie
411;Nie;Tak
411;Nie;Nie
410;Nie;Tak
410;Nie;Nie
410;Tak;Nie
410;Nie;Nie
409;Nie;Tak
408;Nie;Nie
407;Tak;Tak
407;Nie;Tak
406;Nie;Nie
405;Nie;Nie
405;Nie;Nie
405;Nie;Tak
404;Nie;Tak
403;Nie;Tak
403;Nie;Tak
402;Nie;Tak
402;Nie;Nie
402;Nie;Tak
400;Nie;Nie
399;Tak;Nie
399;Tak;Tak
399;Nie;Tak
399;Nie;Tak
399;Nie;Tak
399;Nie;Nie
398;Nie;Nie
398;Nie;Tak
397;Nie;Nie
396;Nie;Tak
396;Nie;Tak
396;Nie;Nie
396;Nie;Nie
396;Nie;Tak
395;Nie;Nie
395;Nie;Tak
395;Nie;Nie
394;Nie;Nie
393;Tak;Tak
393;Nie;Nie
393;Nie;Tak
392;Nie;Tak
392;Nie;Tak
392;Tak;Tak
391;Tak;Tak
390;Nie;Nie
390;Nie;Tak
390;Nie;Nie
390;Nie;Tak
389;Nie;Tak
388;Nie;Nie
388;Nie;Tak
388;Nie;Nie
388;Nie;Tak
387;Nie;Tak
387;Nie;Nie
386;Nie;Tak
385;Nie;Tak
385;Nie;Nie
385;Tak;Nie
385;Nie;Nie
384;Nie;Nie
384;Nie;Nie
384;Nie;Nie
384;Nie;Tak
383;Nie;Nie
383;Nie;Tak
383;Nie;Nie
382;Tak;Tak
382;Nie;Tak
382;Nie;Nie
382;Nie;Tak
382;Nie;Nie
381;Nie;Tak
381;Nie;Nie
380;Nie;Tak
380;Nie;Nie
379;Nie;Tak
378;Nie;Nie
378;Tak;Tak
378;Nie;Nie
377;Tak;Nie
377;Tak;Nie
376;Nie;Tak
376;Nie;Tak
375;Nie;Nie
375;Nie;Nie
374;Nie;Nie
374;Nie;Tak
373;Nie;Nie
373;Nie;Nie
373;Nie;Tak
373;Nie;Tak
373;Nie;Tak
372;Nie;Tak
371;Tak;Tak
371;Nie;Nie
370;Nie;Nie
370;Nie;Tak
370;Nie;Tak
370;Nie;Tak
370;Nie;Nie
369;Tak;Tak
369;Nie;Nie
368;Nie;Tak
368;Nie;Nie
366;Nie;Tak
365;Nie;Tak
365;Nie;Tak
365;Nie;Nie
365;Nie;Nie
365;Nie;Tak
364;Tak;Tak
364;Nie;Tak
363;Nie;Tak
363;Tak;Tak
363;Nie;Tak
363;Nie;Tak
362;Nie;Tak
362;Nie;Tak
362;Nie;Tak
361;Nie;Tak
361;Tak;Nie
360;Tak;Tak
360;Nie;Nie
360;Nie;Tak
360;Nie;Tak
357;Nie;Nie
357;Nie;Tak
356;Nie;Tak
356;Nie;Nie
356;Nie;Tak
355;Nie;Nie
355;Nie;Nie
354;Tak;Nie
353;Nie;Nie
353;Nie;Nie
352;Tak;Nie
351;Nie;Tak
351;Nie;Tak
351;Nie;Tak
351;Nie;Tak
350;Nie;Nie
350;Tak;Nie
350;Nie;Nie
350;Tak;Nie
350;Nie;Tak
350;Nie;Tak
350;Nie;Nie
349;Nie;Nie
349;Nie;Nie
349;Nie;Tak
348;Nie;Tak
347;Nie;Nie
347;Nie;Nie
347;Nie;Tak
346;Tak;Tak
345;Nie;Tak
344;Tak;Tak
343;Nie;Nie
343;Nie;Nie
342;Tak;Nie
342;Nie;Tak
342;Tak;Nie
341;Nie;Tak
341;Tak;Tak
340;Nie;Tak
340;Nie;Nie
339;Nie;Tak
339;Nie;Tak
338;Nie;Tak
338;Nie;Tak
337;Nie;Tak
337;Nie;Tak
337;Nie;Nie
337;Nie;Nie
337;Nie;Nie
337;Nie;Tak
336;Tak;Nie
335;Nie;Nie
335;Nie;Nie
335;Nie;Tak
335;Nie;Nie
334;Nie;Tak
334;Nie;Nie
334;Nie;Nie
333;Nie;Tak
333;Nie;Nie
333;Nie;Nie
333;Nie;Nie
332;Nie;Tak
332;Nie;Tak
331;Nie;Tak
331;Nie;Nie
329;Nie;Nie
328;Nie;Tak
328;Tak;Tak
328;Nie;Nie
328;Tak;Tak
328;Nie;Tak
327;Tak;Nie
327;Nie;Tak
327;Nie;Tak
327;Nie;Tak
326;Nie;Tak
326;Nie;Tak
325;Nie;Tak
325;Nie;Tak
324;Nie;Nie
324;Nie;Tak
323;Tak;Tak
322;Nie;Tak
322;Nie;Tak
322;Nie;Tak
322;Nie;Nie
322;Nie;Tak
322;Nie;Tak
321;Nie;Tak
321;Nie;Tak
321;Tak;Tak
321;Nie;Nie
320;Nie;Tak
320;Tak;Tak
320;Nie;Tak
319;Nie;Nie
318;Nie;Nie
318;Nie;Nie
318;Nie;Nie
318;Tak;Tak
318;Nie;Nie
317;Nie;Tak
317;Nie;Tak
317;Nie;Tak
317;Nie;Tak
316;Nie;Tak
316;Nie;Nie
316;Nie;Nie
316;Nie;Tak
316;Nie;Nie
316;Nie;Nie
316;Nie;Tak
315;Nie;Nie
315;Nie;Nie
314;Nie;Nie
314;Nie;Nie
313;Nie;Tak
313;Nie;Tak
313;Nie;Tak
313;Nie;Nie
313;Nie;Tak
312;Nie;Tak
312;Tak;Tak
311;Nie;Tak
310;Nie;Nie
310;Nie;Tak
310;Nie;Nie
310;Nie;Tak
310;Nie;Nie
309;Nie;Nie
309;Nie;Tak
309;Tak;Nie
309;Nie;Tak
308;Nie;Nie
308;Nie;Tak
307;Tak;Tak
307;Nie;Nie
307;Nie;Nie
307;Nie;Tak
307;Nie;Nie
306;Nie;Tak
306;Nie;Nie
306;Nie;Tak
306;Nie;Tak
305;Nie;Tak
305;Nie;Tak
304;Nie;Nie
304;Nie;Tak
304;Nie;Tak
304;Tak;Tak
304;Nie;Tak
304;Nie;Tak
303;Nie;Tak
303;Nie;Tak
303;Nie;Nie
302;Nie;Tak
301;Nie;Tak
301;Tak;Tak
300;Nie;Nie
300;Nie;Tak
300;Nie;Nie
299;Nie;Tak
299;Nie;Nie
299;Nie;Tak
299;Nie;Nie
299;Nie;Nie
298;Nie;Tak
298;Nie;Tak
298;Nie;Tak
298;Tak;Tak
297;Nie;Tak
297;Nie;Tak
297;Nie;Tak
297;Tak;Tak
297;Nie;Tak
296;Nie;Tak
296;Nie;Tak
296;Nie;Nie
296;Tak;Tak
295;Nie;Nie
295;Tak;Tak
294;Nie;Tak
294;Nie;Tak
294;Nie;Tak
293;Nie;Tak
293;Nie;Tak
292;Nie;Nie
292;Tak;Tak
292;Tak;Nie
292;Tak;Tak
292;Nie;Tak
292;Nie;Nie
292;Tak;Tak
292;Tak;Tak
291;Nie;Tak
291;Tak;Tak
291;Nie;Nie
291;Nie;Nie
291;Nie;Nie
290;Tak;Nie
290;Nie;Tak
290;Nie;Tak
290;Nie;Tak
289;Nie;Nie
289;Nie;Nie
288;Nie;Nie
288;Nie;Tak
287;Nie;Nie
287;Nie;Tak
287;Nie;Nie
287;Nie;Tak
287;Nie;Tak
286;Nie;Tak
286;Nie;Tak
285;Nie;Tak
285;Tak;Nie
285;Nie;Nie
285;Nie;Tak
284;Tak;Tak
284;Tak;Tak
284;Nie;Tak
283;Tak;Tak
283;Nie;Tak
283;Nie;Tak
282;Nie;Tak
282;Tak;Tak
282;Nie;Tak
282;Nie;Tak
282;Nie;Nie
281;Nie;Tak
281;Tak;Tak
281;Nie;Tak
281;Nie;Tak
281;Nie;Nie
280;Nie;Tak
280;Nie;Tak
280;Nie;Nie
280;Tak;Nie
279;Nie;Tak
279;Nie;Tak
278;Tak;Nie
277;Nie;Tak
277;Nie;Nie
276;Nie;Nie
276;Nie;Nie
276;Nie;Tak
276;Nie;Tak
275;Nie;Nie
275;Nie;Nie
275;Nie;Tak
275;Nie;Tak
275;Nie;Nie
274;Tak;Tak
274;Tak;Nie
274;Nie;Tak
274;Nie;Nie
273;Nie;Nie
273;Nie;Tak
272;Nie;Tak
272;Nie;Nie
271;Nie;Tak
271;Nie;Tak
271;Nie;Tak
271;Nie;Tak
270;Nie;Tak
270;Nie;Tak
269;Nie;Tak
268;Nie;Nie
268;Nie;Nie
268;Nie;Nie
267;Nie;Nie
267;Nie;Tak
267;Nie;Nie
266;Tak;Nie
266;Tak;Nie
265;Tak;Tak
265;Tak;Tak
265;Nie;Tak
264;Nie;Nie
264;Nie;Tak
263;Nie;Tak
263;Nie;Tak
262;Nie;Nie
262;Nie;Tak
262;Nie;Nie
262;Nie;Tak
261;Nie;Nie
261;Nie;Nie
261;Nie;Nie
260;Nie;Tak
260;Nie;Tak
260;Nie;Tak
260;Nie;Tak
260;Nie;Nie
259;Nie;Tak
259;Nie;Nie
259;Nie;Nie
259;Nie;Nie
258;Nie;Tak
258;Nie;Nie
258;Tak;Nie
258;Nie;Tak
258;Nie;Tak
257;Nie;Tak
257;Nie;Tak
256;Nie;Tak
256;Nie;Tak
256;Nie;Nie
256;Nie;Tak
256;Nie;Nie
255;Nie;Nie
255;Tak;Tak
255;Tak;Nie
254;Nie;Tak
253;Nie;Nie
252;Nie;Tak
252;Nie;Tak
250;Nie;Tak
250;Nie;Tak
250;Tak;Nie
249;Nie;Nie
249;Nie;Tak
248;Nie;Nie
247;Nie;Nie
247;Nie;Nie
247;Tak;Nie
247;Nie;Tak
247;Tak;Nie
246;Nie;Tak
246;Nie;Tak
245;Nie;Tak
245;Nie;Tak
245;Tak;Nie
244;Nie;Nie
244;Nie;Tak
244;Nie;Tak
244;Nie;Tak
244;Nie;Tak
244;Nie;Tak
243;Nie;Tak
243;Tak;Nie
243;Tak;Tak
243;Tak;Tak
243;Nie;Tak
242;Nie;Tak
242;Nie;Tak
241;Tak;Nie
241;Nie;Tak
241;Tak;Tak
241;Nie;Tak
241;Nie;Nie
240;Nie;Tak
240;Tak;Tak
240;Nie;Tak
239;Nie;Nie
239;Nie;Tak
238;Nie;Tak
237;Tak;Tak
237;Nie;Nie
237;Nie;Tak
237;Nie;Tak
237;Nie;Tak
236;Nie;Nie
236;Nie;Tak
236;Nie;Nie
236;Nie;Nie
235;Nie;Nie
235;Nie;Nie
235;Nie;Tak
234;Nie;Nie
234;Nie;Nie
233;Nie;Tak
233;Nie;Tak
233;Nie;Nie
232;Nie;Tak
232;Nie;Nie
232;Tak;Nie
231;Nie;Tak
231;Nie;Tak
230;Tak;Nie
230;Nie;Nie
230;Nie;Tak
230;Nie;Tak
230;Nie;Tak
229;Tak;Tak
229;Nie;Nie
229;Nie;Nie
229;Nie;Tak
229;Nie;Tak
228;Nie;Tak
228;Nie;Tak
228;Nie;Tak
228;Nie;Tak
228;Nie;Nie
224;Nie;Tak
224;Nie;Nie
224;Nie;Nie
223;Tak;Tak
223;Nie;Nie
223;Tak;Nie
223;Nie;Tak
223;Tak;Tak
223;Nie;Tak
223;Nie;Nie
223;Tak;Tak
223;Nie;Tak
223;Tak;Tak
223;Nie;Nie
222;Nie;Tak
222;Nie;Tak
222;Nie;Tak
222;Nie;Nie
222;Nie;Nie
222;Nie;Nie
222;Nie;Tak
221;Nie;Tak
221;Nie;Tak
221;Nie;Tak
221;Nie;Nie
221;Tak;Nie
221;Nie;Nie
221;Nie;Nie
220;Nie;Nie
220;Nie;Nie
220;Nie;Tak
220;Nie;Tak
219;Nie;Tak
219;Nie;Tak
219;Tak;Tak
218;Tak;Tak
218;Nie;Tak
218;Nie;Tak
218;Nie;Nie
218;Tak;Tak
217;Nie;Nie
217;Nie;Tak
217;Tak;Nie
217;Nie;Tak
217;Nie;Tak
216;Nie;Nie
216;Nie;Nie
215;Nie;Tak
215;Tak;Tak
215;Nie;Tak
215;Nie;Nie
215;Tak;Tak
214;Nie;Tak
214;Nie;Nie
213;Nie;Tak
212;Nie;Tak
212;Nie;Nie
211;Nie;Nie
211;Tak;Tak
211;Nie;Tak
211;Nie;Tak
211;Nie;Nie
210;Tak;Nie
210;Nie;Tak
210;Nie;Tak
209;Nie;Nie
209;Nie;Tak
209;Nie;Nie
209;Nie;Nie
209;Nie;Tak
208;Tak;Nie
208;Nie;Nie
208;Nie;Nie
207;Nie;Tak
207;Nie;Nie
207;Nie;Tak
207;Nie;Tak
206;Nie;Tak
206;Nie;Nie
206;Nie;Tak
206;Nie;Tak
205;Nie;Nie
205;Nie;Tak
205;Nie;Tak
205;Nie;Nie
205;Nie;Tak
205;Nie;Tak
205;Nie;Nie
205;Nie;Tak
204;Nie;Nie
204;Tak;Tak
204;Nie;Nie
203;Tak;Nie
203;Nie;Tak
203;Nie;Nie
203;Nie;Nie
202;Nie;Tak
202;Nie;Nie
202;Nie;Tak
202;Nie;Tak
201;Nie;Tak
201;Nie;Tak
201;Tak;Nie
201;Tak;Nie
200;Nie;Nie
200;Nie;Nie
200;Nie;Tak
199;Tak;Nie
199;Nie;Tak
199;Nie;Nie
199;Nie;Tak
199;Nie;Tak
198;Nie;Nie
198;Nie;Nie
198;Nie;Tak
197;Nie;Tak
197;Nie;Tak
197;Nie;Nie
197;Nie;Tak
197;Nie;Nie
196;Nie;Nie
196;Nie;Tak
196;Nie;Tak
196;Nie;Nie
196;Nie;Tak
195;Nie;Tak
195;Tak;Nie
194;Nie;Tak
194;Nie;Tak
194;Tak;Nie
194;Nie;Nie
194;Nie;Tak
194;Tak;Nie
193;Nie;Tak
193;Nie;Tak
193;Nie;Nie
193;Nie;Nie
192;Nie;Nie
192;Nie;Tak
192;Nie;Nie
192;Nie;Tak
192;Nie;Nie
192;Tak;Tak
192;Nie;Nie
192;Nie;Nie
192;Nie;Nie
192;Nie;Nie
191;Nie;Nie
191;Nie;Tak
191;Nie;Nie
191;Tak;Tak
191;Nie;Tak
191;Nie;Tak
190;Nie;Tak
190;Nie;Nie
190;Nie;Tak
189;Nie;Nie
189;Nie;Tak
189;Nie;Tak
189;Tak;Tak
188;Tak;Nie
188;Nie;Nie
187;Nie;Nie
187;Tak;Nie
187;Nie;Nie
186;Nie;Tak
186;Nie;Tak
186;Nie;Tak
186;Nie;Tak
186;Nie;Nie
186;Nie;Nie
185;Nie;Nie
185;Nie;Nie
185;Nie;Nie
185;Tak;Nie
184;Nie;Tak
184;Nie;Tak
184;Tak;Nie
184;Nie;Nie
183;Nie;Tak
183;Nie;Tak
183;Nie;Nie
183;Nie;Tak
182;Nie;Tak
182;Nie;Tak
182;Nie;Nie
182;Nie;Nie
181;Nie;Tak
181;Nie;Nie
181;Nie;Tak
180;Nie;Tak
180;Nie;Tak
179;Nie;Nie
179;Tak;Tak
179;Nie;Nie
179;Nie;Nie
179;Nie;Tak
179;Tak;Tak
179;Nie;Nie
178;Nie;Tak
178;Tak;Tak
178;Nie;Nie
178;Nie;Tak
178;Nie;Tak
178;Nie;Nie
178;Nie;Tak
177;Nie;Tak
177;Nie;Tak
177;Tak;Tak
177;Nie;Nie
177;Nie;Tak
177;Nie;Tak
176;Nie;Nie
175;Nie;Nie
175;Tak;Nie
175;Nie;Nie
174;Nie;Nie
174;Nie;Nie
174;Nie;Nie
173;Nie;Nie
173;Nie;Tak
173;Nie;Nie
173;Nie;Nie
173;Nie;Tak
172;Nie;Nie
172;Nie;Nie
171;Tak;Nie
171;Tak;Nie
171;Nie;Nie
171;Nie;Tak
171;Nie;Nie
170;Tak;Tak
170;Nie;Tak
169;Nie;Tak
169;Tak;Nie
169;Nie;Tak
169;Nie;Tak
168;Nie;Tak
168;Nie;Tak
168;Nie;Nie
167;Tak;Nie
167;Nie;Tak
167;Tak;Tak
167;Tak;Nie
167;Nie;Nie
167;Nie;Nie
167;Tak;Nie
167;Nie;Nie
166;Nie;Nie
166;Nie;Nie
165;Nie;Tak
165;Nie;Nie
165;Nie;Tak
163;Nie;Nie
163;Nie;Nie
162;Tak;Tak
162;Nie;Tak
162;Nie;Tak
162;Nie;Tak
162;Nie;Nie
162;Nie;Tak
162;Tak;Nie
161;Tak;Nie
161;Nie;Tak
161;Nie;Nie
160;Nie;Tak
160;Nie;Tak
160;Nie;Nie
160;Tak;Tak
160;Tak;Tak
159;Nie;Tak
159;Nie;Tak
159;Nie;Nie
159;Nie;Tak
159;Nie;Tak
158;Nie;Tak
158;Nie;Tak
157;Nie;Tak
157;Nie;Tak
157;Tak;Tak
157;Nie;Tak
157;Nie;Tak
157;Nie;Tak
157;Nie;Tak
157;Nie;Nie
156;Nie;Tak
156;Nie;Tak
155;Nie;Tak
154;Nie;Tak
154;Tak;Nie
154;Nie;Nie
154;Nie;Nie
154;Nie;Tak
154;Nie;Tak
153;Nie;Nie
153;Nie;Nie
152;Tak;Tak
152;Nie;Tak
151;Nie;Tak
151;Nie;Nie
151;Nie;Tak
150;Nie;Tak
150;Nie;Tak
150;Nie;Nie
149;Nie;Tak
148;Tak;Tak
148;Nie;Nie
148;Nie;Nie
148;Nie;Nie
148;Nie;Nie
147;Nie;Tak
147;Nie;Nie
147;Nie;Nie
147;Nie;Nie
146;Nie;Tak
146;Nie;Nie
145;Tak;Nie
145;Nie;Tak
144;Tak;Nie
144;Tak;Nie
144;Tak;Tak
144;Nie;Tak
144;Nie;Nie
144;Nie;Nie
144;Nie;Tak
143;Nie;Tak
143;Nie;Nie
143;Nie;Nie
142;Nie;Tak
142;Tak;Nie
141;Nie;Nie
141;Nie;Tak
141;Nie;Nie
141;Tak;Tak
140;Nie;Tak
140;Nie;Tak
140;Nie;Tak
140;Tak;Tak
139;Nie;Nie
139;Nie;Nie
138;Nie;Nie
138;Nie;Tak
138;Nie;Nie
138;Nie;Nie
138;Nie;Nie
138;Nie;Tak
137;Tak;Tak
137;Nie;Nie
137;Nie;Nie
137;Nie;Tak
137;Tak;Nie
137;Tak;Nie
137;Nie;Tak
136;Tak;Nie
136;Nie;Nie
136;Nie;Tak
136;Nie;Nie
136;Nie;Tak
136;Nie;Nie
136;Nie;Tak
136;Nie;Tak
136;Nie;Nie
135;Tak;Tak
135;Nie;Tak
135;Nie;Nie
135;Nie;Nie
134;Tak;Tak
134;Tak;Nie
134;Nie;Tak
134;Nie;Tak
134;Nie;Tak
133;Nie;Tak
133;Nie;Tak
133;Nie;Tak
133;Nie;Tak
133;Nie;Tak
133;Tak;Nie
132;Nie;Tak
132;Nie;Tak
131;Nie;Tak
131;Tak;Tak
131;Nie;Tak
131;Tak;Tak
131;Nie;Tak
131;Nie;Nie
131;Nie;Nie
130;Nie;Tak
130;Nie;Nie
130;Nie;Nie
130;Nie;Tak
130;Nie;Tak
130;Nie;Nie
130;Nie;Tak
129;Nie;Tak
129;Nie;Tak
128;Nie;Tak
128;Nie;Tak
128;Nie;Tak
128;Nie;Tak
127;Tak;Tak
127;Nie;Tak
127;Nie;Nie
127;Nie;Nie
127;Nie;Nie
126;Nie;Tak
126;Nie;Nie
126;Nie;Tak
125;Nie;Tak
125;Nie;Nie
125;Nie;Tak
124;Nie;Nie
124;Nie;Nie
124;Nie;Tak
124;Nie;Tak
123;Nie;Tak
123;Nie;Nie
123;Nie;Tak
122;Nie;Tak
122;Nie;Nie
122;Tak;Nie
122;Nie;Tak
121;Nie;Tak
120;Nie;Tak
120;Tak;Tak
120;Nie;Nie
120;Tak;Nie
120;Nie;Tak
120;Nie;Tak
119;Nie;Nie
119;Nie;Tak
119;Nie;Nie
119;Nie;Nie
118;Tak;Nie
117;Tak;Nie
117;Nie;Nie
117;Nie;Nie
116;Nie;Tak
116;Nie;Nie
116;Nie;Tak
115;Nie;Nie
115;Nie;Tak
115;Nie;Nie
115;Nie;Nie
114;Nie;Nie
114;Tak;Nie
114;Nie;Tak
113;Nie;Nie
113;Nie;Tak
113;Nie;Tak
113;Nie;Tak
113;Nie;Tak
113;Tak;Nie
113;Nie;Tak
112;Nie;Tak
112;Nie;Nie
112;Nie;Nie
111;Nie;Tak
111;Tak;Nie
111;Nie;Tak
111;Nie;Nie
111;Nie;Tak
111;Nie;Tak
110;Nie;Tak
110;Nie;Nie
110;Tak;Tak
110;Tak;Tak
110;Nie;Tak
109;Nie;Tak
109;Nie;Tak
109;Tak;Nie
109;Nie;Tak
109;Nie;Tak
108;Nie;Tak
108;Nie;Nie
108;Nie;Tak
108;Nie;Nie
108;Nie;Tak
107;Nie;Nie
107;Nie;Nie
107;Nie;Tak
106;Nie;Tak
106;Nie;Tak
106;Nie;Tak
106;Nie;Tak
106;Nie;Nie
106;Nie;Tak
105;Nie;Nie
105;Nie;Nie
105;Nie;Tak
105;Nie;Tak
105;Nie;Tak
105;Tak;Nie
105;Nie;Tak
105;Nie;Tak
105;Nie;Tak
105;Tak;Tak
105;Nie;Tak
104;Tak;Tak
104;Nie;Tak
104;Nie;Tak
104;Nie;Tak
103;Nie;Tak
103;Tak;Tak
103;Nie;Tak
103;Nie;Tak
103;Nie;Tak
102;Nie;Nie
102;Nie;Tak
102;Tak;Tak
102;Nie;Tak
102;Nie;Tak
102;Nie;Tak
102;Nie;Nie
102;Nie;Nie
101;Nie;Tak
101;Nie;Nie
101;Nie;Tak
101;Nie;Tak
101;Nie;Tak
101;Nie;Tak
101;Nie;Nie
100;Nie;Nie
100;Nie;Tak
100;Nie;Nie
100;Nie;Tak
99;Tak;Tak
99;Tak;Nie
99;Nie;Nie
99;Nie;Nie
98;Nie;Tak
98;Nie;Nie
98;Nie;Nie
98;Nie;Tak
97;Nie;Nie
97;Nie;Tak
97;Tak;Nie
97;Nie;Tak
97;Tak;Tak
97;Nie;Tak
96;Nie;Tak
96;Nie;Nie
96;Nie;Tak
96;Nie;Tak
95;Nie;Nie
95;Tak;Nie
95;Nie;Nie
94;Nie;Nie
94;Nie;Nie
94;Tak;Tak
94;Nie;Tak
94;Nie;Tak
94;Nie;Nie
93;Nie;Nie
93;Nie;Nie
93;Nie;Nie
93;Nie;Tak
93;Nie;Tak
93;Tak;Tak
93;Tak;Nie
92;Nie;Nie
92;Nie;Tak
92;Nie;Tak
92;Tak;Tak
92;Tak;Nie
91;Nie;Nie
91;Nie;Tak
91;Nie;Nie
91;Nie;Tak
91;Nie;Nie
91;Nie;Tak
91;Tak;Nie
90;Nie;Tak
90;Tak;Tak
90;Nie;Tak
90;Nie;Tak
89;Nie;Nie
89;Nie;Tak
89;Nie;Tak
89;Nie;Tak
89;Tak;Nie
88;Nie;Tak
88;Nie;Tak
87;Nie;Tak
87;Nie;Nie
86;Nie;Nie
86;Nie;Nie
86;Nie;Nie
86;Nie;Nie
86;Tak;Nie
86;Nie;Nie
85;Nie;Nie
84;Tak;Nie
84;Nie;Nie
84;Tak;Nie
84;Nie;Tak
84;Nie;Nie
84;Nie;Tak
84;Tak;Tak
84;Nie;Nie
84;Nie;Nie
84;Nie;Tak
84;Nie;Tak
83;Nie;Nie
83;Nie;Tak
83;Nie;Tak
83;Tak;Nie
83;Nie;Tak
83;Tak;Tak
82;Nie;Nie
81;Tak;Nie
81;Tak;Nie
81;Nie;Nie
81;Nie;Tak
81;Nie;Tak
80;Tak;Nie
80;Nie;Nie
80;Nie;Nie
80;Nie;Tak
80;Nie;Nie
80;Nie;Nie
80;Nie;Tak
80;Nie;Nie
79;Nie;Tak
79;Nie;Tak
79;Nie;Nie
79;Nie;Tak
79;Tak;Nie
79;Nie;Nie
78;Nie;Nie
78;Nie;Nie
78;Nie;Nie
78;Nie;Tak
77;Nie;Nie
77;Nie;Nie
76;Tak;Nie
76;Nie;Nie
76;Tak;Nie
75;Tak;Tak
75;Nie;Nie
75;Nie;Nie
75;Nie;Nie
75;Nie;Tak
75;Tak;Tak
75;Nie;Nie
74;Nie;Tak
74;Nie;Nie
73;Nie;Nie
73;Nie;Tak
73;Nie;Nie
73;Nie;Tak
72;Nie;Tak
72;Nie;Nie
72;Nie;Nie
71;Nie;Tak
71;Nie;Nie
71;Nie;Nie
71;Nie;Tak
71;Nie;Nie
71;Nie;Tak
71;Nie;Nie
71;Tak;Nie
70;Nie;Nie
70;Nie;Nie
70;Nie;Tak
70;Nie;Tak
69;Nie;Tak
69;Tak;Nie
68;Tak;Tak
68;Nie;Nie
68;Nie;Tak
68;Nie;Tak
67;Nie;Nie
67;Nie;Tak
67;Nie;Tak
67;Nie;Nie
67;Tak;Tak
67;Nie;Nie
67;Tak;Nie
67;Nie;Nie
67;Nie;Nie
67;Tak;Nie
66;Nie;Tak
66;Nie;Tak
66;Tak;Tak
66;Nie;Tak
65;Nie;Tak
65;Nie;Nie
65;Nie;Nie
65;Nie;Tak
65;Tak;Tak
64;Nie;Tak
64;Nie;Tak
64;Nie;Nie
64;Nie;Nie
63;Nie;Nie
63;Nie;Nie
62;Tak;Tak
62;Nie;Tak
62;Nie;Nie
62;Nie;Tak
62;Nie;Tak
61;Nie;Nie
61;Nie;Nie
61;Tak;Tak
61;Nie;Nie
61;Nie;Nie
61;Tak;Nie
61;Nie;Nie
61;Nie;Tak
61;Tak;Tak
60;Nie;Nie
60;Nie;Nie
60;Nie;Nie
60;Nie;Nie
60;Nie;Nie
60;Tak;Nie
60;Tak;Nie
59;Tak;Tak
59;Nie;Tak
59;Nie;Tak
59;Nie;Tak
58;Nie;Tak
58;Nie;Nie
58;Nie;Tak
57;Tak;Nie
57;Tak;Tak
57;Nie;Tak
56;Nie;Nie
55;Tak;Tak
55;Nie;Nie
54;Nie;Nie
54;Nie;Tak
54;Nie;Tak
54;Tak;Tak
54;Nie;Tak
54;Tak;Nie
54;Nie;Tak
53;Nie;Tak
53;Nie;Nie
53;Nie;Tak
53;Nie;Tak
52;Nie;Nie
52;Nie;Nie
51;Nie;Tak
51;Nie;Tak
51;Tak;Nie
51;Nie;Nie
51;Nie;Tak
51;Nie;Tak
51;Nie;Tak
50;Nie;Nie
50;Nie;Nie
50;Nie;Nie
50;Nie;Tak
50;Nie;Tak
50;Tak;Tak
50;Nie;Tak
50;Nie;Tak
50;Nie;Tak
49;Nie;Tak
49;Nie;Nie
49;Nie;Nie
49;Tak;Nie
49;Tak;Nie
48;Nie;Nie
48;Nie;Nie
48;Nie;Tak
48;Tak;Tak
48;Tak;Nie
47;Nie;Nie
47;Nie;Tak
47;Tak;Tak
47;Nie;Nie
46;Nie;Nie
46;Nie;Nie
46;Nie;Nie
46;Nie;Nie
46;Nie;Tak
46;Nie;Tak
46;Nie;Tak
46;Nie;Nie
46;Nie;Nie
46;Nie;Tak
46;Nie;Tak
45;Nie;Nie
45;Nie;Nie
45;Nie;Nie
44;Nie;Nie
44;Nie;Tak
44;Tak;Tak
44;Nie;Nie
43;Nie;Tak
43;Nie;Tak
43;Nie;Tak
42;Nie;Tak
42;Nie;Nie
42;Nie;Nie
41;Nie;Tak
41;Nie;Tak
41;Nie;Tak
41;Nie;Tak
40;Nie;Nie
40;Nie;Nie
40;Nie;Tak
40;Nie;Tak
40;Tak;Nie
39;Nie;Tak
39;Nie;Nie
39;Nie;Tak
39;Nie;Nie
39;Nie;Nie
39;Nie;Nie
39;Nie;Tak
38;Nie;Tak
38;Nie;Nie
38;Nie;Nie
37;Nie;Nie
37;Tak;Nie
37;Tak;Nie
37;Nie;Tak
37;Nie;Nie
36;Nie;Nie
36;Nie;Nie
36;Nie;Tak
36;Nie;Nie
36;Nie;Tak
36;Nie;Tak
36;Nie;Tak
35;Nie;Nie
35;Nie;Nie
35;Nie;Tak
35;Nie;Nie
35;Nie;Tak
35;Nie;Nie
35;Nie;Nie
34;Nie;Nie
34;Tak;Nie
34;Nie;Nie
34;Nie;Tak
34;Nie;Tak
34;Nie;Nie
33;Nie;Nie
33;Nie;Tak
33;Nie;Nie
33;Nie;Nie
33;Nie;Nie
33;Tak;Nie
32;Nie;Nie
32;Nie;Tak
32;Tak;Nie
31;Tak;Nie
31;Nie;Tak
30;Nie;Nie
30;Nie;Tak
30;Nie;Tak
30;Nie;Tak
30;Nie;Nie
30;Tak;Nie
30;Nie;Tak
30;Nie;Nie
30;Nie;Nie
30;Nie;Tak
30;Nie;Tak
29;Nie;Tak
29;Nie;Tak
29;Nie;Nie
29;Tak;Tak
29;Tak;Nie
29;Nie;Tak
29;Nie;Nie
29;Nie;Nie
29;Nie;Nie
28;Tak;Nie
28;Tak;Nie
28;Nie;Nie
28;Nie;Nie
28;Nie;Tak
28;Nie;Tak
28;Nie;Nie
27;Nie;Tak
27;Nie;Nie
27;Nie;Nie
27;Tak;Tak
27;Nie;Nie
26;Tak;Nie
26;Nie;Nie
26;Nie;Tak
25;Nie;Tak
25;Nie;Nie
25;Nie;Nie
25;Nie;Tak
25;Nie;Nie
25;Nie;Tak
25;Nie;Tak
24;Nie;Nie
24;Nie;Nie
24;Nie;Tak
24;Nie;Tak
24;Nie;Tak
24;Nie;Nie
24;Nie;Tak
24;Tak;Tak
23;Nie;Nie
23;Nie;Nie
23;Nie;Nie
23;Nie;Nie
23;Nie;Nie
23;Nie;Nie
23;Tak;Tak
23;Nie;Tak
23;Nie;Nie
23;Nie;Tak
23;Tak;Nie
22;Nie;Tak
22;Nie;Tak
22;Nie;Tak
22;Nie;Tak
22;Nie;Nie
22;Nie;Nie
22;Nie;Tak
22;Nie;Nie
22;Nie;Nie
22;Nie;Tak
21;Nie;Tak
21;Tak;Nie
21;Nie;Tak
21;Nie;Tak
21;Nie;Tak
21;Nie;Nie
21;Nie;Nie
21;Nie;Tak
21;Nie;Tak
21;Nie;Nie
21;Nie;Tak
21;Nie;Nie
21;Nie;Nie
20;Nie;Tak
20;Nie;Nie
20;Nie;Nie
20;Nie;Nie
20;Nie;Nie
20;Nie;Nie
20;Nie;Tak
20;Nie;Tak
19;Nie;Nie
19;Nie;Tak
19;Nie;Tak
19;Nie;Nie
19;Nie;Tak
19;Nie;Nie
19;Tak;Nie
19;Nie;Tak
19;Tak;Nie
18;Nie;Nie
18;Nie;Nie
18;Nie;Nie
18;Nie;Nie
17;Nie;Tak
17;Nie;Nie
17;Nie;Tak
17;Nie;Tak
17;Nie;Tak
16;Tak;Nie
16;Tak;Nie
16;Nie;Nie
16;Tak;Tak
16;Nie;Nie
16;Nie;Nie
16;Nie;Nie
16;Nie;Tak
16;Nie;Tak
16;Nie;Nie
16;Nie;Tak
16;Nie;Tak
15;Tak;Nie
15;Nie;Nie
15;Nie;Nie
15;Nie;Tak
15;Nie;Nie
15;Nie;Nie
15;Tak;Nie
15;Nie;Tak
14;Tak;Tak
14;Nie;Nie
13;Nie;Tak
13;Nie;Tak
13;Nie;Tak
13;Tak;Nie
13;Nie;Nie
13;Tak;Nie
13;Tak;Nie
13;Nie;Nie
12;Nie;Tak
12;Nie;Nie
12;Nie;Nie
12;Nie;Nie
12;Nie;Tak
11;Nie;Nie
11;Tak;Tak
11;Tak;Tak
11;Nie;Tak
11;Nie;Nie
11;Nie;Tak
11;Nie;Tak
11;Nie;Nie
11;Nie;Tak
11;Nie;Nie
10;Nie;Nie
10;Nie;Nie
10;Nie;Tak
10;Nie;Nie
10;Nie;Tak
10;Nie;Nie
9;Tak;Nie
9;Tak;Tak
9;Tak;Nie
9;Nie;Nie
9;Nie;Tak
9;Nie;Tak
9;Nie;Tak
9;Tak;Nie
8;Nie;Nie
8;Nie;Tak
8;Tak;Tak
8;Tak;Nie
8;Tak;Tak
8;Nie;Nie
8;Nie;Nie
8;Nie;Nie
8;Nie;Tak
8;Nie;Tak
8;Nie;Tak
8;Nie;Nie
8;Nie;Nie
7;Nie;Nie
7;Nie;Tak
7;Nie;Tak
7;Nie;Tak
7;Tak;Nie
7;Tak;Nie
7;Nie;Tak
6;Nie;Nie
6;Nie;Nie
6;Nie;Nie
6;Nie;Tak
6;Nie;Tak
6;Nie;Tak
6;Nie;Nie
6;Nie;Nie
6;Nie;Tak
5;Tak;Nie
5;Nie;Tak
5;Nie;Tak
5;Nie;Nie
5;Nie;Tak
5;Tak;Tak
5;Nie;Tak
5;Nie;Tak
5;Nie;Nie
5;Nie;Tak
5;Nie;Tak
5;Nie;Nie
4;Nie;Tak
4;Nie;Nie
4;Nie;Nie
4;Nie;Nie
4;Nie;Tak
4;Nie;Nie
4;Tak;Nie
4;Tak;Nie
4;Nie;Tak
4;Nie;Nie
4;Nie;Nie
4;Tak;Nie
4;Nie;Tak
4;Nie;Nie
4;Nie;Tak
4;Nie;Tak
3;Nie;Nie
3;Nie;Tak
3;Nie;Nie
3;Nie;Tak
3;Tak;Nie
3;Nie;Tak
3;Nie;Nie
3;Nie;Tak
3;Nie;Nie
3;Tak;Tak
3;Nie;Tak
3;Nie;Nie
3;Nie;Tak
3;Nie;Tak
3;Nie;Tak
3;Nie;Tak
3;Nie;Tak
3;Nie;Nie
3;Nie;Tak
2;Nie;Tak
2;Nie;Nie
2;Tak;Tak
2;Nie;Nie
2;Nie;Nie
2;Nie;Nie
2;Nie;Nie
2;Tak;Nie
2;Nie;Nie
2;Nie;Nie
2;Tak;Tak
2;Nie;Tak
2;Nie;Tak
2;Nie;Nie
1;Nie;Tak
1;Nie;Nie
1;Tak;Nie
1;Nie;Nie
1;Tak;Tak
1;Nie;Tak
1;Nie;Nie
1;Tak;Tak
1;Nie;Tak
1;Nie;Tak
1;Nie;Tak
1;Nie;Nie
1;Nie;Nie
1;Tak;Tak
1;Nie;Tak
1;Tak;Tak
1;Nie;Nie
1;Nie;Nie
1;Nie;Nie
1;Nie;Tak
1;Nie;Tak
0;Nie;Nie
0;Nie;Nie
0;Nie;Tak
0;Nie;Tak
0;Nie;Nie
0;Nie;Tak
0;Nie;Nie
0;Nie;Nie
0;Nie;Nie
0;Nie;Tak
0;Nie;Tak
0;Nie;Nie
0;Tak;Nie
0;Tak;Tak
0;Nie;Nie
0;Nie;Tak
0;Tak;Nie
0;Tak;Nie
0;Nie;Tak
0;Nie;Tak
0;Nie;Tak
0;Nie;Nie
0;Nie;Nie
0;Nie;Nie
0;Nie;Nie
0;Nie;Nie
0;Nie;Nie
0;Nie;Nie
0;Tak;Nie
0;Nie;Nie
0;Nie;Tak
0;Nie;Nie
0;Nie;Tak
0;Nie;Nie
0;Nie;Nie
0;Nie;Tak
0;Nie;Tak
0;Nie;Nie
0;Nie;Tak
0;Nie;Nie
0;Nie;Nie
0;Nie;Nie
0;Tak;Tak
0;Nie;Nie
0;Nie;Nie
0;Nie;Nie
0;Nie;Tak
0;Nie;Tak
0;Nie;Nie
0;Nie;Tak
0;Tak;Nie
0;Nie;Nie
0;Tak;Tak
0;Nie;Tak
0;Tak;Nie
0;Tak;Nie
0;Nie;Tak
0;Nie;Nie
0;Nie;Tak
0;Nie;Tak
0;Nie;Nie
0;Nie;Nie
0;Nie;Tak
0;Nie;Nie
0;Nie;Nie
0;Tak;Tak
0;Nie;Tak
0;Nie;Nie
0;Nie;Nie
0;Nie;Tak
0;Nie;Nie
0;Nie;Nie
0;Nie;Tak
0;Nie;Tak
0;Nie;Tak
0;Nie;Nie
0;Nie;Nie
0;Nie;Nie
0;Tak;Nie
0;Nie;Tak
0;Nie;Tak
0;Nie;Tak
0;Nie;Nie
0;Tak;Tak
0;Tak;Nie
0;Nie;Tak
0;Nie;Tak
0;Nie;Tak
0;Nie;Tak
0;Nie;Nie
0;Tak;Tak
0;Nie;Nie
0;Tak;Tak
0;Nie;Tak
0;Nie;Tak
0;Nie;Tak
0;Tak;Tak
0;Tak;Tak
0;Nie;Tak
0;Tak;Nie
0;Nie;Nie
0;Nie;Tak
0;Nie;Nie
0;Nie;Tak
0;Nie;Nie
0;Nie;Nie
0;Nie;Tak
0;Tak;Nie
0;Nie;Nie
0;Nie;Nie
0;Nie;Tak
0;Nie;Nie
0;Nie;Nie
0;Nie;Nie
0;Nie;Nie
0;Nie;Tak
0;Tak;Nie
0;Tak;Tak
0;Tak;Tak
0;Nie;Nie
0;Nie;Nie
0;Nie;Nie
0;Nie;Nie
0;Nie;Tak
0;Nie;Nie
0;Nie;Nie
0;Tak;Nie
0;Nie;Nie
0;Nie;Nie
0;Nie;Tak
0;Nie;Nie
0;Nie;Nie
0;Nie;Nie
0;Nie;Nie
0;Nie;Tak
0;Nie;Tak
0;Nie;Tak
0;Tak;Tak
0;Nie;Tak
0;Tak;Tak
0;Nie;Nie
0;Nie;Tak
0;Nie;Tak
0;Nie;Nie
0;Nie;Tak
0;Nie;Nie
0;Nie;Tak
0;Nie;Tak
0;Tak;Tak
0;Nie;Nie
0;Nie;Tak
0;Nie;Nie
0;Nie;Nie
0;Nie;Tak
0;Nie;Nie
0;Nie;Nie
0;Nie;Nie
0;Tak;Nie
0;Nie;Nie
0;Nie;Tak
0;Tak;Tak
0;Nie;Tak
0;Tak;Nie
0;Nie;Nie
0;Nie;Nie
0;Nie;Nie
0;Nie;Tak
0;Nie;Tak
0;Tak;Tak
0;Nie;Nie
0;Nie;Tak
0;Nie;Nie
0;Nie;Nie
0;Nie;Nie
0;Nie;Tak
0;Nie;Nie
0;Nie;Tak
0;Nie;Nie
0;Nie;Nie
0;Nie;Nie
0;Tak;Tak
0;Tak;Tak
0;Nie;Nie
0;Nie;Nie
0;Nie;Nie
0;Nie;Nie
0;Nie;Nie
0;Nie;Tak
0;Tak;Tak
0;Nie;Nie
0;Nie;Nie
0;Tak;Tak
0;Nie;Tak
0;Nie;Nie
0;Nie;Tak
0;Nie;Nie
0;Nie;Tak
0;Tak;Nie
0;Nie;Nie
0;Nie;Nie
0;Nie;Tak
0;Nie;Tak
0;Tak;Nie
0;Nie;Tak
0;Nie;Nie
0;Nie;Tak
0;Tak;Tak
0;Nie;Nie
0;Nie;Tak
0;Tak;Tak
0;Nie;Nie
0;Nie;Tak
0;Nie;Tak
0;Tak;Nie
0;Nie;Nie
0;Nie;Nie
0;Tak;Tak
0;Nie;Tak
0;Nie;Nie
0;Nie;Nie
0;Nie;Nie
0;Nie;Nie
0;Nie;Nie
0;Nie;Tak
0;Nie;Nie
0;Nie;Nie
0;Nie;Nie
0;Nie;Tak
0;Nie;Tak
0;Nie;Nie
0;Nie;Tak
0;Nie;Nie
0;Nie;Tak
0;Nie;Tak
0;Nie;Tak
0;Nie;Nie
0;Nie;Nie
0;Nie;Tak
0;Nie;Tak
0;Nie;Tak
0;Nie;Tak
0;Nie;Nie
0;Nie;Nie
0;Nie;Nie
0;Nie;Nie
0;Nie;Nie
0;Tak;Tak
0;Nie;Tak
0;Nie;Tak
0;Nie;Nie
0;Nie;Nie
0;Tak;Nie
0;Nie;Tak
0;Tak;Nie
0;Tak;Tak
0;Nie;Nie
0;Nie;Nie
0;Nie;Nie
0;Nie;Nie
0;Nie;Nie
0;Nie;Nie
0;Nie;Nie
0;Nie;Nie
0;Nie;Tak
0;Tak;Tak
0;Nie;Tak
0;Nie;Nie
0;Nie;Tak
0;Nie;Tak
0;Nie;Tak
0;Nie;Tak
0;Nie;Nie
0;Nie;Nie
0;Tak;Tak
0;Nie;Tak
0;Nie;Tak
0;Nie;Tak
0;Nie;Nie
0;Nie;Nie
0;Tak;Tak
0;Nie;Nie
0;Nie;Nie
0;Nie;Nie
0;Nie;Nie
0;Nie;Nie
0;Nie;Nie
0;Nie;Tak
0;Nie;Nie
0;Nie;Nie
0;Nie;Tak
0;Nie;Tak
0;Nie;Nie
0;Nie;Nie
0;Nie;Nie
0;Nie;Nie
0;Nie;Nie
0;Nie;Tak
0;Nie;Tak
0;Nie;Nie
0;Nie;Nie
0;Nie;Tak
0;Tak;Nie
0;Nie;Tak
0;Nie;Nie
0;Nie;Nie
0;Nie;Nie
0;Nie;Nie
0;Tak;Nie
0;Nie;Nie
0;Tak;Tak
0;Tak;Nie
0;Nie;Tak
0;Nie;Tak
0;Nie;Tak
0;Nie;Nie
0;Tak;Tak
0;Nie;Tak
0;Tak;Nie
0;Nie;Nie
0;Nie;Nie
0;Nie;Tak
0;Nie;Nie
0;Nie;Nie
0;Nie;Tak
0;Nie;Nie
0;Nie;Tak
0;Nie;Tak
0;Nie;Tak
0;Nie;Tak
0;Nie;Nie
0;Nie;Tak
0;Nie;Tak
0;Nie;Tak
0;Nie;Nie
0;Nie;Tak
0;Nie;Tak
0;Nie;Nie
0;Nie;Nie
0;Nie;Nie
0;Nie;Nie
0;Nie;Nie
0;Nie;Tak
0;Nie;Nie
0;Nie;Tak
0;Nie;Nie
0;Tak;Tak
0;Nie;Nie
0;Nie;Nie
0;Nie;Nie
0;Nie;Nie
0;Nie;Nie
0;Tak;Nie
0;Nie;Tak
0;Nie;Tak
0;Nie;Tak
0;Nie;Nie
0;Nie;Nie
0;Nie;Tak
0;Nie;Tak
0;Nie;Nie
0;Tak;Nie
0;Nie;Nie
0;Nie;Tak
0;Tak;Tak
0;Nie;Tak
0;Nie;Nie
0;Nie;Nie
0;Nie;Tak
0;Nie;Nie
0;Nie;Tak
0;Nie;Tak
0;Nie;Nie
0;Nie;Tak
0;Nie;Tak
0;Nie;Tak
0;Nie;Nie
0;Nie;Nie
0;Nie;Tak
0;Nie;Tak
0;Nie;Nie
0;Tak;Nie
0;Tak;Tak
0;Nie;Nie
0;Nie;Tak
0;Nie;Tak
0;Nie;Nie
0;Nie;Tak
0;Nie;Nie
0;Nie;Nie
0;Nie;Tak
0;Nie;Nie
0;Nie;Nie
0;Nie;Tak
0;Tak;Tak
0;Nie;Nie
0;Nie;Nie
0;Nie;Tak
0;Tak;Nie
0;Nie;Nie
0;Nie;Tak
0;Nie;Nie
0;Nie;Nie
0;Nie;Tak
0;Nie;Tak
0;Nie;Nie
0;Nie;Tak
0;Nie;Tak
0;Nie;Nie
0;Nie;Tak
0;Nie;Nie
0;Nie;Tak
0;Nie;Tak
0;Nie;Tak
0;Tak;Nie
0;Nie;Nie
0;Nie;Nie
0;Nie;Nie
0;Nie;Tak
0;Nie;Nie
0;Nie;Nie
0;Nie;Nie
-1;Nie;Nie
-1;Nie;Tak
-1;Nie;Nie
-1;Nie;Nie
-1;Nie;Tak
-2;Nie;Nie
-3;Nie;Nie
-3;Nie;Tak
-3;Nie;Tak
-4;Tak;Tak
-6;Nie;Tak
-6;Nie;Nie
-6;Nie;Tak
-6;Tak;Nie
-6;Nie;Tak
-8;Nie;Nie
-9;Tak;Tak
-9;Nie;Nie
-10;Nie;Tak
-11;Nie;Tak
-11;Nie;Tak
-12;Tak;Nie
-12;Nie;Tak
-13;Nie;Nie
-13;Nie;Tak
-13;Nie;Nie
-14;Nie;Tak
-15;Tak;Nie
-15;Nie;Nie
-15;Nie;Tak
-15;Nie;Tak
-16;Tak;Tak
-19;Nie;Tak
-20;Nie;Tak
-22;Nie;Tak
-25;Tak;Nie
-25;Nie;Nie
-26;Tak;Nie
-27;Nie;Tak
-27;Nie;Tak
-27;Nie;Tak
-27;Nie;Tak
-28;Nie;Tak
-28;Tak;Tak
-29;Nie;Tak
-30;Nie;Nie
-30;Nie;Tak
-30;Nie;Tak
-31;Nie;Tak
-32;Nie;Tak
-34;Nie;Nie
-35;Nie;Tak
-35;Nie;Nie
-37;Nie;Nie
-37;Nie;Tak
-38;Nie;Tak
-38;Nie;Nie
-40;Nie;Tak
-40;Nie;Tak
-41;Tak;Tak
-42;Tak;Nie
-42;Tak;Tak
-43;Nie;Nie
-43;Tak;Tak
-44;Tak;Nie
-44;Nie;Tak
-45;Nie;Tak
-45;Nie;Tak
-45;Nie;Nie
-47;Nie;Tak
-49;Nie;Tak
-50;Nie;Tak
-50;Nie;Tak
-50;Nie;Nie
-51;Tak;Nie
-54;Nie;Tak
-55;Nie;Tak
-56;Nie;Tak
-56;Nie;Tak
-56;Tak;Tak
-57;Nie;Tak
-57;Tak;Tak
-57;Nie;Tak
-58;Tak;Tak
-58;Nie;Tak
-58;Nie;Tak
-59;Nie;Tak
-59;Tak;Nie
-60;Nie;Tak
-60;Nie;Nie
-63;Tak;Nie
-65;Nie;Nie
-66;Nie;Tak
-66;Nie;Tak
-67;Nie;Nie
-67;Nie;Tak
-68;Tak;Tak
-71;Nie;Tak
-72;Nie;Tak
-72;Nie;Tak
-74;Nie;Tak
-74;Nie;Tak
-76;Nie;Tak
-78;Tak;Tak
-78;Nie;Tak
-79;Tak;Tak
-79;Tak;Nie
-80;Nie;Tak
-81;Nie;Tak
-82;Nie;Tak
-84;Nie;Tak
-84;Tak;Tak
-85;Tak;Tak
-87;Nie;Tak
-90;Nie;Tak
-92;Nie;Tak
-92;Tak;Nie
-93;Nie;Tak
-94;Tak;Tak
-94;Nie;Tak
-96;Tak;Tak
-97;Nie;Tak
-98;Nie;Tak
-100;Tak;Tak
-102;Nie;Nie
-102;Nie;Tak
-103;Tak;Nie
-104;Tak;Nie
-104;Nie;Tak
-105;Tak;Tak
-106;Nie;Tak
-110;Tak;Nie
-112;Nie;Tak
-114;Nie;Nie
-114;Nie;Tak
-116;Nie;Tak
-119;Nie;Tak
-119;Nie;Nie
-120;Nie;Tak
-124;Nie;Tak
-125;Nie;Tak
-126;Tak;Nie
-126;Tak;Tak
-128;Tak;Nie
-132;Tak;Tak
-139;Nie;Nie
-139;Nie;Nie
-140;Tak;Nie
-141;Nie;Nie
-142;Tak;Tak
-143;Nie;Tak
-150;Nie;Nie
-150;Nie;Tak
-151;Nie;Tak
-151;Nie;Nie
-152;Tak;Tak
-154;Nie;Nie
-155;Nie;Tak
-157;Nie;Nie
-159;Tak;Nie
-160;Nie;Tak
-160;Nie;Tak
-164;Nie;Nie
-165;Tak;Tak
-165;Nie;Tak
-167;Nie;Nie
-170;Tak;Tak
-170;Nie;Tak
-173;Nie;Tak
-175;Nie;Tak
-175;Nie;Tak
-176;Nie;Nie
-177;Nie;Tak
-179;Nie;Tak
-181;Nie;Tak
-181;Nie;Tak
-183;Nie;Nie
-183;Nie;Tak
-185;Tak;Tak
-187;Nie;Tak
-190;Tak;Tak
-193;Nie;Nie
-194;Nie;Tak
-194;Nie;Tak
-195;Tak;Nie
-195;Nie;Nie
-196;Nie;Tak
-196;Nie;Tak
-196;Nie;Nie
-197;Nie;Tak
-199;Tak;Tak
-201;Nie;Tak
-202;Nie;Tak
-204;Nie;Tak
-205;Tak;Tak
-206;Nie;Tak
-207;Nie;Nie
-208;Nie;Tak
-208;Tak;Tak
-209;Tak;Nie
-210;Tak;Nie
-210;Nie;Tak
-211;Nie;Tak
-213;Nie;Nie
-218;Nie;Tak
-218;Nie;Tak
-221;Tak;Tak
-221;Nie;Tak
-222;Nie;Tak
-227;Nie;Tak
-230;Nie;Nie
-232;Tak;Nie
-232;Tak;Nie
-233;Nie;Tak
-235;Nie;Tak
-236;Nie;Tak
-238;Nie;Nie
-238;Nie;Tak
-239;Nie;Tak
-240;Tak;Nie
-243;Tak;Nie
-244;Tak;Tak
-244;Nie;Tak
-245;Tak;Tak
-246;Tak;Nie
-249;Nie;Tak
-250;Nie;Tak
-250;Nie;Tak
-253;Nie;Tak
-253;Nie;Tak
-254;Tak;Nie
-257;Nie;Nie
-259;Nie;Tak
-261;Tak;Nie
-262;Nie;Tak
-269;Tak;Tak
-271;Nie;Tak
-272;Nie;Nie
-272;Tak;Nie
-273;Nie;Nie
-273;Nie;Tak
-274;Nie;Tak
-276;Nie;Tak
-276;Nie;Tak
-283;Nie;Nie
-284;Nie;Tak
-287;Nie;Tak
-287;Nie;Tak
-288;Nie;Tak
-289;Nie;Tak
-292;Nie;Tak
-294;Nie;Tak
-295;Nie;Tak
-298;Nie;Tak
-300;Nie;Nie
-301;Nie;Tak
-302;Tak;Tak
-302;Nie;Nie
-306;Tak;Tak
-309;Tak;Tak
-311;Nie;Tak
-311;Nie;Nie
-312;Nie;Tak
-312;Tak;Tak
-312;Nie;Tak
-312;Nie;Tak
-314;Nie;Tak
-314;Nie;Tak
-315;Nie;Tak
-320;Nie;Tak
-321;Nie;Nie
-322;Tak;Tak
-324;Nie;Tak
-325;Tak;Tak
-326;Nie;Tak
-327;Nie;Tak
-328;Nie;Tak
-331;Tak;Tak
-336;Tak;Nie
-337;Tak;Tak
-337;Tak;Nie
-338;Nie;Tak
-341;Tak;Nie
-341;Tak;Nie
-344;Tak;Nie
-346;Tak;Tak
-346;Tak;Tak
-353;Nie;Tak
-354;Tak;Tak
-354;Tak;Nie
-360;Nie;Tak
-361;Nie;Tak
-364;Nie;Tak
-365;Nie;Tak
-367;Tak;Tak
-367;Nie;Tak
-372;Nie;Tak
-375;Tak;Tak
-375;Nie;Tak
-382;Nie;Tak
-383;Nie;Tak
-383;Nie;Tak
-384;Nie;Tak
-388;Tak;Tak
-389;Tak;Tak
-390;Nie;Tak
-391;Nie;Tak
-393;Nie;Nie
-396;Tak;Nie
-397;Nie;Tak
-397;Tak;Tak
-399;Tak;Tak
-410;Tak;Nie
-411;Nie;Tak
-411;Nie;Nie
-413;Nie;Tak
-414;Nie;Tak
-423;Tak;Tak
-426;Tak;Nie
-435;Nie;Tak
-436;Nie;Tak
-441;Nie;Tak
-444;Tak;Nie
-448;Nie;Tak
-451;Tak;Tak
-454;Tak;Nie
-454;Tak;Tak
-456;Tak;Tak
-461;Tak;Tak
-461;Nie;Nie
-461;Nie;Tak
-462;Nie;Tak
-463;Nie;Tak
-466;Tak;Nie
-467;Nie;Nie
-468;Tak;Tak
-470;Nie;Tak
-473;Nie;Tak
-475;Nie;Tak
-479;Nie;Nie
-481;Tak;Tak
-482;Nie;Tak
-482;Nie;Tak
-488;Nie;Tak
-488;Nie;Tak
-491;Nie;Tak
-492;Tak;Nie
-496;Nie;Nie
-497;Tak;Tak
-498;Nie;Nie
-504;Nie;Nie
-505;Nie;Tak
-508;Nie;Tak
-509;Nie;Tak
-513;Tak;Nie
-516;Nie;Tak
-522;Nie;Tak
-525;Tak;Nie
-529;Nie;Tak
-547;Nie;Tak
-547;Tak;Tak
-548;Tak;Tak
-553;Nie;Tak
-556;Tak;Tak
-558;Nie;Tak
-565;Nie;Tak
-575;Nie;Tak
-577;Tak;Tak
-588;Nie;Nie
-600;Nie;Tak
-601;Nie;Tak
-613;Nie;Tak
-614;Nie;Tak
-616;Tak;Tak
-633;Nie;Tak
-634;Nie;Nie
-636;Nie;Tak
-637;Tak;Tak
-637;Nie;Tak
-666;Nie;Tak
-666;Nie;Tak
-671;Nie;Nie
-700;Nie;Tak
-701;Tak;Tak
-718;Nie;Tak
-720;Tak;Tak
-722;Tak;Nie
-738;Nie;Tak
-745;Tak;Tak
-749;Tak;Tak
-752;Nie;Tak
-754;Tak;Tak
-755;Tak;Tak
-759;Nie;Tak
-762;Tak;Tak
-782;Tak;Tak
-803;Nie;Tak
-805;Nie;Nie
-813;Tak;Tak
-825;Nie;Tak
-848;Nie;Tak
-849;Tak;Tak
-861;Tak;Tak
-880;Tak;Nie
-888;Tak;Nie
-910;Nie;Tak
-918;Nie;Tak
-934;Nie;Tak
-971;Tak;Tak
-972;Tak;Tak
-972;Nie;Tak
-974;Tak;Nie
-978;Nie;Tak
-994;Tak;Tak
-1050;Nie;Tak
-1053;Nie;Tak
-1139;Nie;Tak
-1386;Tak;Tak
-1415;Nie;Nie
-1415;Tak;Tak
-1451;Tak;Tak
-1489;Tak;Tak
-1531;Nie;Tak
-1636;Tak;Tak
-1701;Nie;Tak
-1965;Tak;Nie
-2049;Nie;Tak
-2282;Tak;Tak
-2712;Tak;Tak
-6847;Tak;Nie
